HYBAS_ID;year;LAI;LST;NPP;Precip;EI;Ksat;SOM;Alt_moy;Prop_burn
1120881500;2004;1.184412194;29.91565559;0.632538695;1227.18016;0.714094933;30.48301412;1.930765152;198.9049988;0.069827595
1120879710;2004;1.271086713;29.08549105;0.668265923;1255.551531;0.745673343;22.95102248;1.886775017;231.4894562;0.472303004
1121982320;2004;1.224341199;29.39046696;0.67063265;1240.271535;0.733645932;23.32984656;1.823858738;234.569519;0.321127052
1121981520;2004;1.293825022;28.97180059;0.661894336;1228.341174;0.743705202;21.32810544;2.17188549;263.4290771;0.171555319
1121979460;2004;1.32471842;29.12089507;0.644294139;1282.829944;0.710455652;17.76820131;2.095099211;274.5751038;0.6316562
1120866340;2004;1.258735163;29.67359836;0.605874168;1215.671402;0.703038825;20.82444656;2.171040535;279.1000671;0.350408021
1120862240;2004;1.373603171;29.45379423;0.610478482;1366.526446;0.632539236;20.75846037;1.975246787;272.8048706;0.446366812
1120857660;2004;1.306210939;29.54374213;0.565397915;1380.527107;0.593757069;23.51922953;1.417933583;263.6818542;0.115742948
1120856300;2004;1.277575126;30.53169327;0.554457601;1412.925694;0.559420808;24.91769264;1.368101239;286.1997681;0.076598313
1120852360;2004;1.145972474;32.33755938;0.514637224;1392.73209;0.508187755;22.38429115;1.491633534;277.245636;0
1120880130;2004;1.268521269;29.45733691;0.683182427;1268.261737;0.73951745;24.88569429;1.7777704;223.0477142;0.402033101
1120879890;2004;1.25650751;29.18746627;0.651867965;1370.205605;0.687359251;21.60639677;2.084671021;247.3384399;0.343324434
1120878770;2004;1.238865195;29.28339062;0.666010635;1420.411955;0.644661164;19.29673806;2.012220144;248.4634705;0.109420631
1120877670;2004;1.264357759;29.36370083;0.659075935;1435.663441;0.642373338;19.99267861;2.022885561;271.3052063;0.184019078
1120866330;2004;1.368286655;29.11146787;0.637656568;1297.347066;0.688872681;18.35243131;1.965905786;264.0189209;0.72882695
1121982380;2004;1.27259818;29.4145558;0.67429751;1418.0221;0.656606291;16.2833779;2.14945817;290.7945251;0.29824203
1121978110;2004;1.385806599;29.2073335;0.634969464;1359.513514;0.66793205;17.59832668;1.884655237;289.5663147;0.466870083
1120862250;2004;1.350791224;29.23390812;0.597131109;1274.727074;0.681776523;21.80946046;1.608072877;281.1547546;0.132342593
1120864690;2004;1.37330843;29.0430372;0.63662455;1368.784485;0.665342664;16.30976618;2.039928198;296.1510315;0.409697532
1120874610;2004;1.2504554;29.98557572;0.624083332;1357.551235;0.664230529;18.96877647;1.780265689;305.5918274;0.207290363
1121977820;2004;1.335911833;29.57177765;0.633620194;1356.825527;0.656970491;21.54474419;1.500119925;309.8302917;0.481453202
1120857450;2004;1.416807944;29.92054358;0.610038152;1406.362235;0.60817884;22.3254376;1.591332793;285.4307861;0.457902268
1121981400;2004;1.307323727;30.28541908;0.572918757;1334.016665;0.657759164;18.80837014;1.755437016;332.4242554;0.034710401
1121977810;2004;1.35283043;30.13102442;0.633917099;1366.81753;0.657525409;19.32783862;1.724930406;335.1922913;0.179801913
1121975100;2004;1.245636543;30.30113129;0.586012919;1307.207639;0.631309179;27.95712002;1.4008255;322.9745483;0.000309519
1120856310;2004;1.234160173;30.27242807;0.575515589;1371.441883;0.585238293;22.71568417;1.556748629;287.6834106;0.031087423
1121974190;2004;1.45276282;29.69496668;0.60929532;1435.871603;0.611872346;20.56972777;1.513174176;294.8814697;0.410064716
1121979280;2004;1.389779193;30.00232442;0.590568232;1325.854282;0.675935265;18.48522395;1.646202326;350.9183655;0.014615169
1121974020;2004;1.375683365;30.41753558;0.559469732;1378.177785;0.598349414;21.35612413;1.552264094;301.4755859;0.059610058
1120852350;2004;1.330515449;31.03281948;0.504808798;1392.820194;0.562853078;21.00005908;1.460385919;299.6421509;0.03900791
1120879700;2004;1.338037703;28.8767036;0.661994611;1327.946156;0.724740378;18.48894734;2.060117722;249.575119;0.613552278
1120870380;2004;1.336384912;28.66095898;0.646808233;1177.070872;0.772307411;21.59405059;2.295966148;289.4528503;0.07766369
1121981670;2004;1.388018792;28.67761786;0.64676962;1404.270747;0.668345827;16.03313824;2.163295031;285.926239;0.354483038
1120878780;2004;1.388463103;28.67586515;0.649812456;1442.223159;0.657991813;15.14086098;2.358321428;281.2926941;0.145308133
1120867640;2004;1.394526119;28.52857744;0.63195944;1167.20472;0.774379931;20.46849834;2.266845226;289.3864746;0.088895358
1120877470;2004;1.333188288;29.06663647;0.662759191;1444.578289;0.651035533;17.21716219;2.019060612;277.0557556;0.160281201
1121981440;2004;1.373015473;28.65244339;0.650780826;1395.490722;0.678734739;15.13253521;2.146601915;312.8416443;0.172954034
1120864520;2004;1.365807163;29.88653562;0.628519369;1364.105857;0.652938006;19.17260753;1.630057693;297.0316467;0.411606218
1120874440;2004;1.299814795;29.40800076;0.666108593;1371.233694;0.682817302;15.36376845;1.966478229;318.4694519;0.406338523
1121976480;2004;1.367879131;30.19559887;0.616669263;1344.11673;0.660482165;23.44859072;1.462740421;329.0720825;0.184814607
1120881500;2005;1.023021035;32.90651292;0.669299186;954.7879563;0.936679246;30.48301412;1.930765152;198.9049988;0.369347811
1120879710;2005;1.274744849;30.44713879;0.690757754;975.8613311;0.995151041;22.95102248;1.886775017;231.4894562;0.720113075
1121982320;2005;1.184291652;30.43530769;0.676751086;968.0000609;0.968722966;23.32984656;1.823858738;234.569519;0.706006948
1121981520;2005;1.232158087;30.24170086;0.667114126;977.1127688;0.961183096;21.32810544;2.17188549;263.4290771;0.703853741
1121979460;2005;1.369522761;30.08834776;0.643500393;1021.93501;0.929766227;17.76820131;2.095099211;274.5751038;0.746275338
1120866340;2005;1.273539673;30.67115719;0.610327752;1002.261897;0.900702349;20.82444656;2.171040535;279.1000671;0.627694473
1120862240;2005;1.291179148;31.10523142;0.603669961;1126.230578;0.815091804;20.75846037;1.975246787;272.8048706;0.927572828
1120857660;2005;1.289571176;31.22620181;0.579894911;1105.369583;0.797595074;23.51922953;1.417933583;263.6818542;0.711821885
1120856300;2005;1.239644837;32.3812228;0.544816019;1121.374876;0.740839729;24.91769264;1.368101239;286.1997681;0.275863804
1120852360;2005;1.11630668;33.95166946;0.534444743;1151.930572;0.664474241;22.38429115;1.491633534;277.245636;0.037264279
1120880130;2005;1.221784726;31.67864783;0.7244771;963.7974657;1.01851815;24.88569429;1.7777704;223.0477142;0.818069728
1120879890;2005;1.293780108;30.66025632;0.710625094;1007.230542;1.000631044;21.60639677;2.084671021;247.3384399;0.440157737
1120878770;2005;1.339060848;30.3078787;0.702930984;1060.277134;0.928084528;19.29673806;2.012220144;248.4634705;0.400967873
1120877670;2005;1.444076088;30.03535463;0.708427823;1088.049444;0.923455005;19.99267861;2.022885561;271.3052063;0.291359334
1120866330;2005;1.33703271;30.45990529;0.629722036;1052.309879;0.901062112;18.35243131;1.965905786;264.0189209;0.901020604
1121982380;2005;1.397074293;30.49162195;0.703053768;1119.980234;0.895876449;16.2833779;2.14945817;290.7945251;0.674089939
1121978110;2005;1.36745003;30.79210723;0.614421589;1106.143989;0.853881202;17.59832668;1.884655237;289.5663147;0.801982694
1120862250;2005;1.349940289;30.41244009;0.607823498;1037.469002;0.888995949;21.80946046;1.608072877;281.1547546;0.588239021
1120864690;2005;1.339972553;30.71279968;0.629819418;1138.753724;0.826115638;16.30976618;2.039928198;296.1510315;0.725522093
1120874610;2005;1.378397241;30.76701985;0.667067303;1119.323179;0.905041295;18.96877647;1.780265689;305.5918274;0.459359477
1121977820;2005;1.345618628;30.789911;0.612263583;1194.660364;0.75704522;21.54474419;1.500119925;309.8302917;0.531171567
1120857450;2005;1.346158555;31.36607859;0.587208962;1187.437354;0.7713739;22.3254376;1.591332793;285.4307861;0.570387619
1121981400;2005;1.414848089;31.02979635;0.603618139;1173.511067;0.851195156;18.80837014;1.755437016;332.4242554;0.259432571
1121977810;2005;1.413437877;30.48951315;0.623700781;1236.535385;0.768804198;19.32783862;1.724930406;335.1922913;0.649825097
1121975100;2005;1.238083913;31.91213993;0.568952429;1033.187881;0.821059761;27.95712002;1.4008255;322.9745483;0.04212938
1120856310;2005;1.23506382;32.42162116;0.564816613;1071.224641;0.783184518;22.71568417;1.556748629;287.6834106;0.400550811
1121974190;2005;1.372126287;31.14684424;0.598881136;1217.830451;0.783106161;20.56972777;1.513174176;294.8814697;0.334702801
1121979280;2005;1.531840616;30.40303527;0.592102078;1225.072095;0.80381419;18.48522395;1.646202326;350.9183655;0.266860064
1121974020;2005;1.306148663;31.57382271;0.543487096;1237.743215;0.717109135;21.35612413;1.552264094;301.4755859;0.143538233
1120852350;2005;1.272635436;32.27035982;0.488717859;1194.476151;0.70148212;21.00005908;1.460385919;299.6421509;0.12583877
1120879700;2005;1.343503906;29.86387849;0.708956973;1021.864296;0.998738915;18.48894734;2.060117722;249.575119;0.732590684
1120870380;2005;1.243111393;30.10219187;0.647687631;950.6267987;0.968779528;21.59405059;2.295966148;289.4528503;0.672763144
1121981670;2005;1.375848919;29.64081489;0.678633894;1096.948325;0.888014047;16.03313824;2.163295031;285.926239;0.557494167
1120878780;2005;1.365822245;29.58071781;0.692568099;1110.334628;0.901416148;15.14086098;2.358321428;281.2926941;0.424142013
1120867640;2005;1.277823731;29.68145834;0.630720074;961.0602677;0.955041622;20.46849834;2.266845226;289.3864746;0.632714496
1120877470;2005;1.390467167;29.96650543;0.692488575;1118.082777;0.875495375;17.21716219;2.019060612;277.0557556;0.62998459
1121981440;2005;1.405911347;29.85714583;0.652965336;1182.506755;0.810877316;15.13253521;2.146601915;312.8416443;0.735599978
1120864520;2005;1.378859996;31.04659995;0.611035474;1154.966937;0.813798224;19.17260753;1.630057693;297.0316467;0.627288465
1120874440;2005;1.415155931;30.15609407;0.687431982;1178.780772;0.862604042;15.36376845;1.966478229;318.4694519;0.574341341
1121976480;2005;1.376614433;30.90082198;0.568892842;1239.38713;0.73987912;23.44859072;1.462740421;329.0720825;0.507096156
1120881500;2006;1.015678308;33.35451131;0.625506205;1022.368925;0.84319598;30.48301412;1.930765152;198.9049988;0.006233979
1120879710;2006;1.200003094;31.33424287;0.659044672;1041.207359;0.892780551;22.95102248;1.886775017;231.4894562;0.485778103
1121982320;2006;1.192672548;31.81083423;0.651043449;1040.282486;0.87903012;23.32984656;1.823858738;234.569519;0.546412628
1121981520;2006;1.147847582;31.70602608;0.651990849;1015.707612;0.886584027;21.32810544;2.17188549;263.4290771;0.458349255
1121979460;2006;1.270454283;31.48854696;0.645354483;1039.602257;0.886496595;17.76820131;2.095099211;274.5751038;0.660203604
1120866340;2006;1.176423136;32.4175236;0.598123321;1008.513428;0.836772706;20.82444656;2.171040535;279.1000671;0.448194196
1120862240;2006;1.234309091;32.4529318;0.571125667;1051.817659;0.780598668;20.75846037;1.975246787;272.8048706;0.599792781
1120857660;2006;1.171319047;32.57128779;0.501043291;1078.506146;0.727964472;23.51922953;1.417933583;263.6818542;0.326998878
1120856300;2006;1.169855232;33.06767443;0.499664823;1074.468494;0.720745365;24.91769264;1.368101239;286.1997681;0.354511308
1120852360;2006;1.024399551;35.04939889;0.478827652;1069.911866;0.636945939;22.38429115;1.491633534;277.245636;0.001634782
1120880130;2006;1.20188398;32.41511763;0.668558257;1035.473432;0.898852164;24.88569429;1.7777704;223.0477142;0.434253995
1120879890;2006;1.328192026;30.93013216;0.641731684;1118.984457;0.869198359;21.60639677;2.084671021;247.3384399;0.383695557
1120878770;2006;1.338607149;30.71182703;0.668509134;1187.059054;0.846417085;19.29673806;2.012220144;248.4634705;0.046148801
1120877670;2006;1.308490768;31.30050404;0.684539544;1176.232836;0.829060646;19.99267861;2.022885561;271.3052063;0.2168387
1120866330;2006;1.244943705;32.25734676;0.628911748;1031.48821;0.858763606;18.35243131;1.965905786;264.0189209;0.870314054
1121982380;2006;1.304075289;30.9254868;0.642294026;1130.044718;0.838599186;16.2833779;2.14945817;290.7945251;0.570249115
1121978110;2006;1.269232052;32.02036823;0.594717784;1033.33186;0.849532644;17.59832668;1.884655237;289.5663147;0.703750368
1120862250;2006;1.229541237;31.75171551;0.55538417;1050.256419;0.789192735;21.80946046;1.608072877;281.1547546;0.180337267
1120864690;2006;1.349936624;30.84177405;0.604981676;1053.765218;0.861353415;16.30976618;2.039928198;296.1510315;0.575978711
1120874610;2006;1.33170516;31.10159422;0.604241929;1158.983673;0.805418165;18.96877647;1.780265689;305.5918274;0.345484973
1121977820;2006;1.340892472;30.97939692;0.594113018;1045.901412;0.845289993;21.54474419;1.500119925;309.8302917;0.511050808
1120857450;2006;1.265615755;32.3995362;0.537297063;1083.148899;0.752416447;22.3254376;1.591332793;285.4307861;0.729992251
1121981400;2006;1.384619826;31.32546659;0.561825889;1130.535556;0.79164915;18.80837014;1.755437016;332.4242554;0.19427135
1121977810;2006;1.387023018;31.09694682;0.610101126;1054.408651;0.861551223;19.32783862;1.724930406;335.1922913;0.28882124
1121975100;2006;1.098818084;33.40907992;0.532198142;1076.757511;0.737371639;27.95712002;1.4008255;322.9745483;0.0000722184
1120856310;2006;1.084544442;33.86208877;0.514953591;1077.424752;0.713567033;22.71568417;1.556748629;287.6834106;0.125014204
1121974190;2006;1.279306417;32.60239533;0.546916725;1061.473297;0.772253306;20.56972777;1.513174176;294.8814697;0.243612485
1121979280;2006;1.417379181;31.27589963;0.570569243;1072.221321;0.856868339;18.48522395;1.646202326;350.9183655;0.156001788
1121974020;2006;1.23453587;32.3292062;0.494415273;1076.500674;0.722756877;21.35612413;1.552264094;301.4755859;0.129553742
1120852350;2006;1.187210284;32.8569789;0.453853873;1082.055581;0.692177514;21.00005908;1.460385919;299.6421509;0.183316417
1120879700;2006;1.307169989;30.54135687;0.673814798;1073.921165;0.904260745;18.48894734;2.060117722;249.575119;0.768394763
1120870380;2006;1.139439343;32.06788278;0.621926324;1018.527725;0.862222894;21.59405059;2.295966148;289.4528503;0.196580022
1121981670;2006;1.36796607;29.95629529;0.655531023;1103.259333;0.877099843;16.03313824;2.163295031;285.926239;0.780810136
1120878780;2006;1.40957676;29.70176207;0.655886901;1123.020353;0.879960801;15.14086098;2.358321428;281.2926941;0.689845389
1120867640;2006;1.173575715;31.82556591;0.613767578;1021.830401;0.850814036;20.46849834;2.266845226;289.3864746;0.174104683
1120877470;2006;1.380947348;30.22813536;0.667168685;1134.666548;0.876048195;17.21716219;2.019060612;277.0557556;0.702209405
1121981440;2006;1.408499348;29.58137366;0.618389279;1080.505769;0.88979874;15.13253521;2.146601915;312.8416443;0.648764178
1120864520;2006;1.269535916;32.2822555;0.577674616;1007.728291;0.841606422;19.17260753;1.630057693;297.0316467;0.247107031
1120874440;2006;1.375637849;30.43998845;0.626041319;1108.88362;0.852364445;15.36376845;1.966478229;318.4694519;0.602251145
1121976480;2006;1.348837928;31.69398908;0.56313281;1014.126166;0.846620403;23.44859072;1.462740421;329.0720825;0.29775292
1120881500;2007;1.189854068;32.09960614;0.607910137;1343.049164;0.702606435;30.48301412;1.930765152;198.9049988;0.011610659
1120879710;2007;1.336651644;30.60962761;0.644122068;1346.157729;0.724731986;22.95102248;1.886775017;231.4894562;0.411245417
1121982320;2007;1.274137963;30.64071911;0.648302932;1303.653887;0.724831475;23.32984656;1.823858738;234.569519;0.388882174
1121981520;2007;1.26344604;30.54213335;0.654332529;1276.449802;0.748057229;21.32810544;2.17188549;263.4290771;0.36375629
1121979460;2007;1.315954577;30.71118888;0.64823667;1357.666584;0.712440428;17.76820131;2.095099211;274.5751038;0.85679361
1120866340;2007;1.207696364;31.80862237;0.626549985;1218.962441;0.721618222;20.82444656;2.171040535;279.1000671;0.589679573
1120862240;2007;1.263193514;31.8002196;0.620909469;1272.628167;0.703685714;20.75846037;1.975246787;272.8048706;0.678889042
1120857660;2007;1.341474877;31.67753744;0.59428102;1227.605148;0.721965461;23.51922953;1.417933583;263.6818542;0.372910484
1120856300;2007;1.311050245;32.39679672;0.580037352;1264.106776;0.689002979;24.91769264;1.368101239;286.1997681;0.142878035
1120852360;2007;1.139614696;34.35426503;0.561030663;1267.857198;0.609380327;22.38429115;1.491633534;277.245636;0.01499394
1120880130;2007;1.287707968;31.5434485;0.637502707;1385.165343;0.707146326;24.88569429;1.7777704;223.0477142;0.285207991
1120879890;2007;1.315711521;30.71022604;0.619950564;1454.817515;0.668380396;21.60639677;2.084671021;247.3384399;0.255645799
1120878770;2007;1.314996097;30.68997757;0.642880303;1521.694415;0.640146113;19.29673806;2.012220144;248.4634705;0.409744867
1120877670;2007;1.244185832;30.62553842;0.628161106;1516.615298;0.633843623;19.99267861;2.022885561;271.3052063;0.211797092
1120866330;2007;1.26654722;30.93091349;0.655419004;1341.645668;0.712350281;18.35243131;1.965905786;264.0189209;0.912614279
1121982380;2007;1.195346762;30.80987153;0.645067034;1487.201189;0.641260732;16.2833779;2.14945817;290.7945251;0.32596857
1121978110;2007;1.328001506;30.81356439;0.645170573;1371.236391;0.713921029;17.59832668;1.884655237;289.5663147;0.502989392
1120862250;2007;1.291698449;31.42415622;0.613241693;1198.247392;0.742990419;21.80946046;1.608072877;281.1547546;0.365359034
1120864690;2007;1.375413385;30.03409172;0.64108849;1453.661462;0.69180064;16.30976618;2.039928198;296.1510315;0.438631804
1120874610;2007;1.260495393;30.42418723;0.577906101;1466.138583;0.635091093;18.96877647;1.780265689;305.5918274;0.116738227
1121977820;2007;1.299456675;30.87853612;0.632799771;1420.824666;0.662268354;21.54474419;1.500119925;309.8302917;0.425347624
1120857450;2007;1.282373571;31.57561506;0.599507149;1239.459378;0.72247361;22.3254376;1.591332793;285.4307861;0.477445988
1121981400;2007;1.304252272;31.17579417;0.544092968;1420.80388;0.643283958;18.80837014;1.755437016;332.4242554;0.005131225
1121977810;2007;1.296482929;31.13730898;0.610152096;1428.418774;0.649448705;19.32783862;1.724930406;335.1922913;0.312884158
1121975100;2007;1.282130782;31.97106663;0.590827735;1205.509405;0.710995107;27.95712002;1.4008255;322.9745483;0.016022638
1120856310;2007;1.295323408;32.58216835;0.607659111;1234.674929;0.703657355;22.71568417;1.556748629;287.6834106;0.084826242
1121974190;2007;1.29170719;31.80659128;0.609241992;1263.42789;0.710131884;20.56972777;1.513174176;294.8814697;0.367854137
1121979280;2007;1.339089006;31.13867482;0.577449419;1385.906189;0.675930087;18.48522395;1.646202326;350.9183655;0.057584129
1121974020;2007;1.312471586;32.08468632;0.561394298;1220.212103;0.713358998;21.35612413;1.552264094;301.4755859;0.029611127
1120852350;2007;1.286249134;32.54440781;0.527183199;1234.460171;0.690784553;21.00005908;1.460385919;299.6421509;0.069798609
1120879700;2007;1.387712674;30.35359163;0.654020161;1419.068688;0.714528961;18.48894734;2.060117722;249.575119;0.410686244
1120870380;2007;1.228849265;30.2628609;0.654462542;1198.984481;0.770919747;21.59405059;2.295966148;289.4528503;0.093508525
1121981670;2007;1.411796313;29.96120062;0.667213179;1458.366505;0.729449257;16.03313824;2.163295031;285.926239;0.235500073
1120878780;2007;1.406728504;29.75920761;0.650791129;1491.621272;0.701761439;15.14086098;2.358321428;281.2926941;0.200874143
1120867640;2007;1.231708074;30.49171842;0.660207109;1170.722182;0.796178021;20.46849834;2.266845226;289.3864746;0.127165256
1120877470;2007;1.3136332;30.12524122;0.637413475;1506.805284;0.671897738;17.21716219;2.019060612;277.0557556;0.277553299
1121981440;2007;1.299671977;29.90627402;0.639558066;1489.931648;0.658920297;15.13253521;2.146601915;312.8416443;0.184573534
1120864520;2007;1.26141082;31.52625203;0.624512486;1327.059105;0.716732996;19.17260753;1.630057693;297.0316467;0.640273957
1120874440;2007;1.290935046;30.40709875;0.657602052;1467.003741;0.681997746;15.36376845;1.966478229;318.4694519;0.177057471
1121976480;2007;1.293298943;31.61323515;0.581939176;1341.216409;0.678507788;23.44859072;1.462740421;329.0720825;0.192405321
1120881500;2008;1.082202256;32.05839884;0.604190265;1403.156432;0.596271559;30.48301412;1.930765152;198.9049988;0.002879547
1120879710;2008;1.146667228;30.77817348;0.619857992;1436.947691;0.613252547;22.95102248;1.886775017;231.4894562;0.309049066
1121982320;2008;1.191466185;30.62920466;0.629035595;1410.030479;0.599078449;23.32984656;1.823858738;234.569519;0.305575796
1121981520;2008;1.239605732;30.52068469;0.615104879;1406.416164;0.600003546;21.32810544;2.17188549;263.4290771;0.147109275
1121979460;2008;1.247536262;30.9356422;0.607331271;1453.016307;0.584939222;17.76820131;2.095099211;274.5751038;0.120635503
1120866340;2008;1.192251855;31.67418385;0.588462484;1381.271151;0.576687999;20.82444656;2.171040535;279.1000671;0.328287015
1120862240;2008;1.223073522;32.06147486;0.585885075;1428.771682;0.544455987;20.75846037;1.975246787;272.8048706;0.245987174
1120857660;2008;1.187174327;31.75693103;0.573474872;1431.838676;0.541353691;23.51922953;1.417933583;263.6818542;0.088828525
1120856300;2008;1.186642667;32.27692705;0.546914998;1449.264298;0.513469369;24.91769264;1.368101239;286.1997681;0.087796296
1120852360;2008;1.021674979;33.17476364;0.496256662;1431.724216;0.463149168;22.38429115;1.491633534;277.245636;0
1120880130;2008;1.164625588;30.84571715;0.604948967;1421.423627;0.613026719;24.88569429;1.7777704;223.0477142;0.158853499
1120879890;2008;1.266673991;30.42221865;0.593253049;1450.71505;0.611925482;21.60639677;2.084671021;247.3384399;0.135610182
1120878770;2008;1.303357307;30.31224729;0.598059046;1502.599623;0.599845354;19.29673806;2.012220144;248.4634705;0.028865489
1120877670;2008;1.296910066;30.43920506;0.603844622;1485.949603;0.595595477;19.99267861;2.022885561;271.3052063;0.135771068
1120866330;2008;1.264467679;31.10347845;0.610540699;1440.506811;0.574927944;18.35243131;1.965905786;264.0189209;0.252608231
1121982380;2008;1.265559092;30.91253892;0.60791753;1434.90865;0.592415953;16.2833779;2.14945817;290.7945251;0.320256303
1121978110;2008;1.308409828;31.06302329;0.605858718;1455.889601;0.571799664;17.59832668;1.884655237;289.5663147;0.186679212
1120862250;2008;1.197315212;31.38278899;0.583105524;1391.310345;0.562204767;21.80946046;1.608072877;281.1547546;0.082437613
1120864690;2008;1.310239496;30.42653006;0.607381537;1506.211334;0.567772826;16.30976618;2.039928198;296.1510315;0.342184829
1120874610;2008;1.28027323;31.00491157;0.564217365;1345.608637;0.630415432;18.96877647;1.780265689;305.5918274;0.142938086
1121977820;2008;1.363582877;30.78828094;0.607914619;1456.967688;0.593469286;21.54474419;1.500119925;309.8302917;0.267506157
1120857450;2008;1.247815504;31.87411394;0.561874761;1469.538412;0.527281452;22.3254376;1.591332793;285.4307861;0.141108785
1121981400;2008;1.358962228;31.49758702;0.538628226;1343.235412;0.637956824;18.80837014;1.755437016;332.4242554;0.039533277
1121977810;2008;1.343216276;30.40130918;0.597803661;1429.092007;0.58063411;19.32783862;1.724930406;335.1922913;0.20332746
1121975100;2008;1.177267482;31.89029074;0.565880974;1419.767982;0.549479361;27.95712002;1.4008255;322.9745483;0.011157481
1120856310;2008;1.17220872;32.47780288;0.57747176;1426.050501;0.532533485;22.71568417;1.556748629;287.6834106;0.016228523
1121974190;2008;1.278713358;31.60030073;0.5684367;1443.64233;0.540066689;20.56972777;1.513174176;294.8814697;0.045832892
1121979280;2008;1.431798257;30.7509838;0.55277287;1380.025483;0.630905675;18.48522395;1.646202326;350.9183655;0.058156292
1121974020;2008;1.260995151;31.52911256;0.514149119;1465.804882;0.519386047;21.35612413;1.552264094;301.4755859;0.002888427
1120852350;2008;1.212793746;32.00008258;0.480866243;1461.767063;0.507696212;21.00005908;1.460385919;299.6421509;0.012778255
1120879700;2008;1.253555187;30.32731748;0.626416228;1483.003004;0.623515501;18.48894734;2.060117722;249.575119;0.463112327
1120870380;2008;1.207816295;30.05697603;0.622310489;1366.360192;0.612066949;21.59405059;2.295966148;289.4528503;0.050066347
1121981670;2008;1.324447063;30.13571572;0.632317438;1540.668799;0.574505823;16.03313824;2.163295031;285.926239;0.462209529
1120878780;2008;1.353324096;30.03278252;0.631849661;1525.197481;0.599686887;15.14086098;2.358321428;281.2926941;0.331060911
1120867640;2008;1.193711499;29.74527103;0.626961035;1356.68856;0.612423866;20.46849834;2.266845226;289.3864746;0.032909639
1120877470;2008;1.35044136;30.37105303;0.631794004;1518.590827;0.593176097;17.21716219;2.019060612;277.0557556;0.421257015
1121981440;2008;1.380005146;30.1206034;0.625594345;1487.873809;0.599038041;15.13253521;2.146601915;312.8416443;0.451361656
1120864520;2008;1.341400503;31.14771268;0.594950142;1411.693181;0.588224536;19.17260753;1.630057693;297.0316467;0.051579013
1120874440;2008;1.336864355;30.56074878;0.620887404;1416.352339;0.620179845;15.36376845;1.966478229;318.4694519;0.3452969
1121976480;2008;1.346267345;30.76602184;0.55876572;1384.368558;0.602202648;23.44859072;1.462740421;329.0720825;0.088144471
1120881500;2009;1.175494267;32.47640409;0.488317837;1189.904236;0.667904309;30.48301412;1.930765152;198.9049988;0.055366011
1120879710;2009;1.272493361;31.51344558;0.517339235;1232.610496;0.708642357;22.95102248;1.886775017;231.4894562;0.443958932
1121982320;2009;1.223924778;32.11869484;0.507239161;1238.106198;0.65670561;23.32984656;1.823858738;234.569519;0.621832975
1121981520;2009;1.25251786;31.06003269;0.488526853;1218.788852;0.677517208;21.32810544;2.17188549;263.4290771;0.3812419
1121979460;2009;1.330981439;30.97967537;0.468084604;1257.965712;0.687925813;17.76820131;2.095099211;274.5751038;0.78609327
1120866340;2009;1.271082554;31.46613233;0.448575646;1174.966983;0.676791659;20.82444656;2.171040535;279.1000671;0.660884369
1120862240;2009;1.316836748;31.57932388;0.433218241;1250.266562;0.658547887;20.75846037;1.975246787;272.8048706;0.781956681
1120857660;2009;1.327464502;31.40629734;0.413207156;1263.063402;0.616156993;23.51922953;1.417933583;263.6818542;0.184622283
1120856300;2009;1.354400887;31.71666036;0.386086072;1319.698273;0.569962671;24.91769264;1.368101239;286.1997681;0.046301335
1120852360;2009;1.131103051;33.15641984;0.374775693;1348.518888;0.479344381;22.38429115;1.491633534;277.245636;0
1120880130;2009;1.309185346;31.79347959;0.509557367;1210.911644;0.735327234;24.88569429;1.7777704;223.0477142;0.436653783
1120879890;2009;1.272703281;30.89954699;0.49122758;1270.777258;0.717420264;21.60639677;2.084671021;247.3384399;0.333365147
1120878770;2009;1.277560377;30.76612891;0.51547432;1321.456117;0.701075483;19.29673806;2.012220144;248.4634705;0.234200283
1120877670;2009;1.301718967;30.3674964;0.496343416;1315.541819;0.683697369;19.99267861;2.022885561;271.3052063;0.308185079
1120866330;2009;1.317526361;30.78489602;0.441896034;1238.844882;0.678468135;18.35243131;1.965905786;264.0189209;0.848443993
1121982380;2009;1.31536465;30.43766732;0.492045547;1320.102964;0.680948757;16.2833779;2.14945817;290.7945251;0.461242269
1121978110;2009;1.338666692;31.21415374;0.435365484;1298.285289;0.675391373;17.59832668;1.884655237;289.5663147;0.70684496
1120862250;2009;1.324139151;31.29964178;0.428253062;1195.60428;0.665756758;21.80946046;1.608072877;281.1547546;0.327379689
1120864690;2009;1.364049704;30.71911675;0.440550858;1357.050402;0.651205219;16.30976618;2.039928198;296.1510315;0.768519371
1120874610;2009;1.344594532;30.66754114;0.45042481;1298.316837;0.68298405;18.96877647;1.780265689;305.5918274;0.186682549
1121977820;2009;1.360886098;31.37410266;0.426679364;1376.262304;0.634797981;21.54474419;1.500119925;309.8302917;0.526054483
1120857450;2009;1.446127879;31.32344201;0.406618419;1330.994884;0.620570204;22.3254376;1.591332793;285.4307861;0.087597428
1121981400;2009;1.364837889;31.20001891;0.401359703;1338.262205;0.641550514;18.80837014;1.755437016;332.4242554;0.032195471
1121977810;2009;1.415032032;31.39945226;0.416519764;1376.293379;0.636730017;19.32783862;1.724930406;335.1922913;0.174638616
1121975100;2009;1.3203501;31.704706;0.401483667;1180.35691;0.638415965;27.95712002;1.4008255;322.9745483;0.000216653
1120856310;2009;1.32565915;32.03183973;0.409840668;1268.321754;0.593465509;22.71568417;1.556748629;287.6834106;0
1121974190;2009;1.384335085;31.67257152;0.406333666;1325.09709;0.632571721;20.56972777;1.513174176;294.8814697;0.110586463
1121979280;2009;1.4323599;31.02390091;0.381689463;1362.954479;0.633205632;18.48522395;1.646202326;350.9183655;0.011851412
1121974020;2009;1.396510702;31.51944625;0.359933688;1338.41134;0.586645832;21.35612413;1.552264094;301.4755859;0.010523169
1120852350;2009;1.394418977;31.61886809;0.33077223;1333.623636;0.570380864;21.00005908;1.460385919;299.6421509;0.019474243
1120879700;2009;1.319102082;30.70466833;0.511127116;1279.390784;0.718132003;18.48894734;2.060117722;249.575119;0.821886467
1120870380;2009;1.303675321;30.79353448;0.462811943;1165.841609;0.702943448;21.59405059;2.295966148;289.4528503;0.208900242
1121981670;2009;1.294945405;30.66165682;0.49740606;1324.632622;0.686989132;16.03313824;2.163295031;285.926239;0.557718993
1120878780;2009;1.350100279;29.96968134;0.498768319;1336.999716;0.697220992;15.14086098;2.358321428;281.2926941;0.341240257
1120867640;2009;1.326226983;30.49521016;0.44666334;1156.135247;0.702491729;20.46849834;2.266845226;289.3864746;0.443623179
1120877470;2009;1.367158405;30.163275;0.496490236;1347.450001;0.673657839;17.21716219;2.019060612;277.0557556;0.551362316
1121981440;2009;1.415878189;29.72372589;0.450504218;1381.57927;0.649822809;15.13253521;2.146601915;312.8416443;0.511664132
1120864520;2009;1.315609997;31.63346331;0.419667288;1318.073451;0.65923911;19.17260753;1.630057693;297.0316467;0.517276618
1120874440;2009;1.403918757;29.77132372;0.4660759;1358.792177;0.668360793;15.36376845;1.966478229;318.4694519;0.484189483
1121976480;2009;1.407714134;31.49942018;0.379245329;1347.812427;0.621431661;23.44859072;1.462740421;329.0720825;0.13646374
1120881500;2010;1.148384609;31.37989667;0.483039458;1401.309172;0.569329244;30.48301412;1.930765152;198.9049988;0
1120879710;2010;1.258154331;30.20535695;0.490619685;1454.390007;0.578098639;22.95102248;1.886775017;231.4894562;0.358983573
1121982320;2010;1.243096855;30.53574357;0.482647189;1440.181004;0.560700508;23.32984656;1.823858738;234.569519;0.3968302
1121981520;2010;1.22728846;30.12905753;0.466543939;1432.095313;0.554844129;21.32810544;2.17188549;263.4290771;0.267934996
1121979460;2010;1.281244414;29.93252856;0.442118337;1487.047763;0.552539496;17.76820131;2.095099211;274.5751038;0.644997135
1120866340;2010;1.276173338;30.07084774;0.429451082;1398.630101;0.552399719;20.82444656;2.171040535;279.1000671;0.45015459
1120862240;2010;1.326426249;30.46948252;0.437180933;1479.186021;0.541589495;20.75846037;1.975246787;272.8048706;0.495134579
1120857660;2010;1.256289897;30.64936238;0.413878354;1466.195995;0.514033892;23.51922953;1.417933583;263.6818542;0.085793489
1120856300;2010;1.279431824;31.32915214;0.425908431;1464.413382;0.519342746;24.91769264;1.368101239;286.1997681;0.00501508
1120852360;2010;1.159489408;32.71694149;0.433016279;1443.225263;0.484015494;22.38429115;1.491633534;277.245636;0
1120880130;2010;1.27649309;30.32057864;0.491581047;1435.990618;0.603172261;24.88569429;1.7777704;223.0477142;0.140150987
1120879890;2010;1.294207164;30.05758007;0.466741927;1489.671793;0.574463138;21.60639677;2.084671021;247.3384399;0.030451714
1120878770;2010;1.274512825;29.66807311;0.480992189;1526.024954;0.577029754;19.29673806;2.012220144;248.4634705;0.093868583
1120877670;2010;1.321175358;29.72166151;0.469903569;1521.924806;0.573058274;19.99267861;2.022885561;271.3052063;0.159682069
1120866330;2010;1.352244768;29.64152108;0.434210738;1488.814439;0.53972443;18.35243131;1.965905786;264.0189209;0.849999392
1121982380;2010;1.290557446;29.56784469;0.462735641;1525.630457;0.552656335;16.2833779;2.14945817;290.7945251;0.059127236
1121978110;2010;1.355209893;29.64099073;0.42427583;1512.027459;0.536798888;17.59832668;1.884655237;289.5663147;0.680602945
1120862250;2010;1.274512666;30.11741902;0.428484968;1412.979835;0.55155667;21.80946046;1.608072877;281.1547546;0.073342762
1120864690;2010;1.316005371;29.47394147;0.440750246;1548.487698;0.535496085;16.30976618;2.039928198;296.1510315;0.400540796
1120874610;2010;1.384637049;30.00196618;0.414765525;1484.724145;0.566695057;18.96877647;1.780265689;305.5918274;0.041464306
1121977820;2010;1.369224409;30.22958103;0.418598382;1540.929337;0.528529342;21.54474419;1.500119925;309.8302917;0.243433187
1120857450;2010;1.371059537;30.97033857;0.44545401;1482.637646;0.560074604;22.3254376;1.591332793;285.4307861;0.084072822
1121981400;2010;1.411393773;30.23800636;0.388079153;1471.851181;0.557711668;18.80837014;1.755437016;332.4242554;0.02340255
1121977810;2010;1.322536092;30.53686963;0.394953337;1535.989084;0.514440918;19.32783862;1.724930406;335.1922913;0.067138281
1121975100;2010;1.333998749;30.86031968;0.427790737;1428.292326;0.554479763;27.95712002;1.4008255;322.9745483;0.003992635
1120856310;2010;1.290268652;31.40335546;0.458526378;1450.355882;0.535442304;22.71568417;1.556748629;287.6834106;0.007255379
1121974190;2010;1.38916622;30.92846944;0.436853379;1502.585683;0.537450494;20.56972777;1.513174176;294.8814697;0.069056505
1121979280;2010;1.382188918;30.44768866;0.389359304;1497.726746;0.561125528;18.48522395;1.646202326;350.9183655;0.027353872
1121974020;2010;1.399997946;31.11729361;0.393169525;1494.549787;0.518900076;21.35612413;1.552264094;301.4755859;0
1120852350;2010;1.349318848;31.27934479;0.389734889;1460.943512;0.536991404;21.00005908;1.460385919;299.6421509;0.012567772
1120879700;2010;1.329511974;29.42763317;0.486626062;1511.991995;0.57685385;18.48894734;2.060117722;249.575119;0.365388509
1120870380;2010;1.250755386;29.86866037;0.462497277;1367.981844;0.591663023;21.59405059;2.295966148;289.4528503;0.054684077
1121981670;2010;1.30334108;28.87706629;0.454019831;1566.244287;0.546075527;16.03313824;2.163295031;285.926239;0.304131369
1120878780;2010;1.346979079;28.81878741;0.459732507;1551.922162;0.566652064;15.14086098;2.358321428;281.2926941;0.089185081
1120867640;2010;1.242001729;29.57357187;0.452921991;1344.983964;0.58649459;20.46849834;2.266845226;289.3864746;0.142031587
1120877470;2010;1.35486423;29.22758342;0.46999535;1554.288602;0.558266985;17.21716219;2.019060612;277.0557556;0.02865481
1121981440;2010;1.325845257;28.77894091;0.422379544;1559.846632;0.528633334;15.13253521;2.146601915;312.8416443;0.117740372
1120864520;2010;1.393723572;30.2013389;0.427551792;1492.242283;0.537107018;19.17260753;1.630057693;297.0316467;0.368009784
1120874440;2010;1.36334282;29.23391499;0.445042937;1524.894047;0.554953067;15.36376845;1.966478229;318.4694519;0.096100866
1121976480;2010;1.453124614;30.66170048;0.376230353;1501.841011;0.524410322;23.44859072;1.462740421;329.0720825;0.102295506
1120881500;2011;1.14102712;31.82065646;0.615297263;1154.940552;0.748030798;30.48301412;1.930765152;198.9049988;0.301138643
1120879710;2011;1.222126943;31.0475466;0.646986956;1165.281012;0.793038781;22.95102248;1.886775017;231.4894562;0.485864984
1121982320;2011;1.166481439;31.48839178;0.625353958;1162.31181;0.734093432;23.32984656;1.823858738;234.569519;0.432256919
1121981520;2011;1.226046828;30.60189601;0.591228196;1104.918956;0.784472664;21.32810544;2.17188549;263.4290771;0.234469046
1121979460;2011;1.314683419;30.60139448;0.542855001;1154.380013;0.727153017;17.76820131;2.095099211;274.5751038;0.665364984
1120866340;2011;1.233291147;31.94172522;0.556661179;1107.385025;0.733423946;20.82444656;2.171040535;279.1000671;0.264124877
1120862240;2011;1.183442156;32.2941014;0.506900166;1158.707342;0.65077803;20.75846037;1.975246787;272.8048706;0.262091648
1120857660;2011;1.163422047;32.23834219;0.496789778;1187.870036;0.624937042;23.51922953;1.417933583;263.6818542;0.008237506
1120856300;2011;1.24175673;32.2194169;0.470192039;1188.979681;0.636285226;24.91769264;1.368101239;286.1997681;0.016044336
1120852360;2011;1.102643217;33.60857139;0.444882447;1178.428054;0.56140919;22.38429115;1.491633534;277.245636;0
1120880130;2011;1.234551002;30.89810867;0.631144013;1180.805468;0.771105587;24.88569429;1.7777704;223.0477142;0.569219432
1120879890;2011;1.343637199;29.85984392;0.600909614;1231.159936;0.787502491;21.60639677;2.084671021;247.3384399;0.355685729
1120878770;2011;1.427287445;29.57828423;0.580842582;1258.214342;0.786660344;19.29673806;2.012220144;248.4634705;0.47085834
1120877670;2011;1.495229275;29.86980263;0.579507768;1272.01032;0.769756613;19.99267861;2.022885561;271.3052063;0.422533602
1120866330;2011;1.252988893;31.29898139;0.536199341;1157.172157;0.702541947;18.35243131;1.965905786;264.0189209;0.576677078
1121982380;2011;1.497311123;29.88752083;0.58189988;1238.884791;0.774930561;16.2833779;2.14945817;290.7945251;0.573802043
1121978110;2011;1.336206101;30.84319349;0.527213178;1163.840003;0.746756338;17.59832668;1.884655237;289.5663147;0.790240091
1120862250;2011;1.269344406;31.56796448;0.526687261;1150.580349;0.685814625;21.80946046;1.608072877;281.1547546;0.044525579
1120864690;2011;1.47100121;30.13084179;0.536332073;1228.457903;0.765659713;16.30976618;2.039928198;296.1510315;0.648208671
1120874610;2011;1.440917323;30.46329587;0.533214568;1232.600897;0.748590219;18.96877647;1.780265689;305.5918274;0.083077637
1121977820;2011;1.377972459;30.99141213;0.522467951;1204.492886;0.727638038;21.54474419;1.500119925;309.8302917;0.60892391
1120857450;2011;1.292220335;31.35964656;0.473320638;1197.882914;0.648957061;22.3254376;1.591332793;285.4307861;0.013714567
1121981400;2011;1.411393584;30.94386063;0.48607618;1214.965543;0.728297772;18.80837014;1.755437016;332.4242554;0.062907844
1121977810;2011;1.413797773;30.58821904;0.512392871;1207.397251;0.718187919;19.32783862;1.724930406;335.1922913;0.298351651
1121975100;2011;1.283854654;31.97558196;0.507408701;1148.258191;0.694023403;27.95712002;1.4008255;322.9745483;0
1120856310;2011;1.235703717;32.64727839;0.511434451;1163.756658;0.658793609;22.71568417;1.556748629;287.6834106;0.009671516
1121974190;2011;1.291560863;31.90292189;0.500547236;1188.073058;0.65950343;20.56972777;1.513174176;294.8814697;0.022478413
1121979280;2011;1.504273433;30.46651409;0.466473314;1186.285343;0.748819599;18.48522395;1.646202326;350.9183655;0.033458612
1121974020;2011;1.296573742;31.88601526;0.441736063;1182.837445;0.65147854;21.35612413;1.552264094;301.4755859;0.025353868
1120852350;2011;1.270840112;31.98347925;0.421072499;1194.208201;0.641538039;21.00005908;1.460385919;299.6421509;0.003259303
1120879700;2011;1.252917765;30.02625453;0.615181974;1213.963629;0.756124606;18.48894734;2.060117722;249.575119;0.776706443
1120870380;2011;1.331377747;30.06153974;0.572761789;1068.14819;0.812947776;21.59405059;2.295966148;289.4528503;0.251398472
1121981670;2011;1.369875844;29.6234857;0.581928549;1249.804755;0.736814212;16.03313824;2.163295031;285.926239;0.64686265
1120878780;2011;1.466797256;29.30937416;0.598740594;1265.795814;0.784821695;15.14086098;2.358321428;281.2926941;0.259432904
1120867640;2011;1.311840305;29.96801722;0.573966193;1093.237652;0.791657992;20.46849834;2.266845226;289.3864746;0.032954505
1120877470;2011;1.458532073;29.72319835;0.595492834;1285.500463;0.760293135;17.21716219;2.019060612;277.0557556;0.597697145
1121981440;2011;1.547409903;29.33459913;0.560812409;1276.735376;0.758770215;15.13253521;2.146601915;312.8416443;0.461511196
1120864520;2011;1.289870406;31.71104043;0.526007041;1151.719756;0.734512632;19.17260753;1.630057693;297.0316467;0.423663581
1120874440;2011;1.553405784;29.69987647;0.567708866;1236.759415;0.765254974;15.36376845;1.966478229;318.4694519;0.4547766
1121976480;2011;1.332788421;31.4387338;0.485793711;1145.818087;0.719918579;23.44859072;1.462740421;329.0720825;0.056076683
1120881500;2012;1.038965148;31.11485045;0.670285847;1086.27675;0.812328973;30.48301412;1.930765152;198.9049988;0.000960069
1120879710;2012;1.149670588;30.25871956;0.686157726;1172.631194;0.767023927;22.95102248;1.886775017;231.4894562;0.170212464
1121982320;2012;1.138817415;30.5018028;0.6652355;1169.806763;0.731688027;23.32984656;1.823858738;234.569519;0.010136967
1121981520;2012;1.192326483;29.8229772;0.665125264;1146.245572;0.773830626;21.32810544;2.17188549;263.4290771;0.196574142
1121979460;2012;1.250693302;29.50092643;0.628337578;1207.91406;0.732705724;17.76820131;2.095099211;274.5751038;0.541035228
1120866340;2012;1.199217801;30.52035205;0.609335948;1151.811136;0.741877339;20.82444656;2.171040535;279.1000671;0.265741828
1120862240;2012;1.226959617;30.65879848;0.623538431;1258.55389;0.684986356;20.75846037;1.975246787;272.8048706;0.140495431
1120857660;2012;1.280290407;30.57820344;0.580223455;1251.810673;0.672863121;23.51922953;1.417933583;263.6818542;0
1120856300;2012;1.316617271;30.81618537;0.554336746;1289.301239;0.654044951;24.91769264;1.368101239;286.1997681;0.046218614
1120852360;2012;1.189987943;32.20377292;0.536949836;1294.630212;0.560177245;22.38429115;1.491633534;277.245636;0
1120880130;2012;1.172959645;30.46082626;0.708517245;1132.391213;0.846071748;24.88569429;1.7777704;223.0477142;0.125691007
1120879890;2012;1.228307296;29.64835567;0.674392208;1226.8955;0.79417742;21.60639677;2.084671021;247.3384399;0.188075589
1120878770;2012;1.272365051;29.70685319;0.69898178;1257.746886;0.814538687;19.29673806;2.012220144;248.4634705;0.20014665
1120877670;2012;1.253057672;29.64890347;0.683409331;1298.411833;0.774585335;19.99267861;2.022885561;271.3052063;0.229128157
1120866330;2012;1.228674556;29.82489322;0.619538861;1227.596022;0.729416766;18.35243131;1.965905786;264.0189209;0.844227836
1121982380;2012;1.251139798;29.57910906;0.686031079;1297.264838;0.74348567;16.2833779;2.14945817;290.7945251;0.111097703
1121978110;2012;1.269618525;29.74261025;0.626262197;1264.72011;0.729680341;17.59832668;1.884655237;289.5663147;0.579108008
1120862250;2012;1.262760534;29.81159524;0.607846068;1173.930854;0.7343527;21.80946046;1.608072877;281.1547546;0.025249926
1120864690;2012;1.297611426;28.98143268;0.637559378;1269.903581;0.742042653;16.30976618;2.039928198;296.1510315;0.672535781
1120874610;2012;1.313723809;30.0077093;0.61871961;1301.219886;0.708339451;18.96877647;1.780265689;305.5918274;0.00377
1121977820;2012;1.3049351;29.77898169;0.639967676;1292.255929;0.704704066;21.54474419;1.500119925;309.8302917;0.212718149
1120857450;2012;1.31481827;30.35525357;0.590671279;1333.639397;0.659925882;22.3254376;1.591332793;285.4307861;0.148231319
1121981400;2012;1.308840388;30.28474614;0.569116655;1338.385229;0.677824842;18.80837014;1.755437016;332.4242554;0.003635419
1121977810;2012;1.413168142;29.06518138;0.615283969;1352.469177;0.684071156;19.32783862;1.724930406;335.1922913;0.045879365
1121975100;2012;1.265887327;30.4179597;0.573263157;1165.540198;0.723822008;27.95712002;1.4008255;322.9745483;0.016981941
1120856310;2012;1.275599195;31.11037634;0.580836641;1247.58394;0.662016155;22.71568417;1.556748629;287.6834106;0.058920188
1121974190;2012;1.361327963;30.15565791;0.605229647;1319.728565;0.694439617;20.56972777;1.513174176;294.8814697;0.085596554
1121979280;2012;1.387900502;29.64724721;0.566405314;1361.977189;0.671085711;18.48522395;1.646202326;350.9183655;0.015209986
1121974020;2012;1.367805827;30.38053801;0.546207599;1366.641294;0.623128835;21.35612413;1.552264094;301.4755859;0.06195119
1120852350;2012;1.302247978;30.6627165;0.512861439;1338.528978;0.616091702;21.00005908;1.460385919;299.6421509;0.007118119
1120879700;2012;1.232633896;29.70966534;0.690467007;1252.208371;0.771754871;18.48894734;2.060117722;249.575119;0.555070928
1120870380;2012;1.21250217;29.38724619;0.632790272;1092.803627;0.81366335;21.59405059;2.295966148;289.4528503;0.172559571
1121981670;2012;1.292141308;28.46771104;0.680448292;1304.399737;0.751384105;16.03313824;2.163295031;285.926239;0.388954056
1120878780;2012;1.355266865;28.53293242;0.691022661;1310.716228;0.801842653;15.14086098;2.358321428;281.2926941;0.492688406
1120867640;2012;1.218920429;29.25827305;0.626941124;1097.34537;0.803910403;20.46849834;2.266845226;289.3864746;0.138731664
1120877470;2012;1.329372697;28.96703685;0.690912919;1335.41768;0.783806379;17.21716219;2.019060612;277.0557556;0.412547647
1121981440;2012;1.359228356;28.60798424;0.651760064;1305.724218;0.73901272;15.13253521;2.146601915;312.8416443;0.246791033
1120864520;2012;1.28722169;30.14391659;0.606178824;1268.151911;0.699672539;19.17260753;1.630057693;297.0316467;0.259349935
1120874440;2012;1.319295744;29.23877154;0.648018118;1313.126142;0.736526853;15.36376845;1.966478229;318.4694519;0.09462577
1121976480;2012;1.342435966;29.95188033;0.580899675;1321.464476;0.65859638;23.44859072;1.462740421;329.0720825;0.009394512
1120881500;2013;1.137596407;32.94179959;0.570887472;869.1633738;0.925279189;30.48301412;1.930765152;198.9049988;0.013293269
1120879710;2013;1.217952676;32.02237442;0.61254925;899.0266972;0.993058463;22.95102248;1.886775017;231.4894562;0.344061312
1121982320;2013;1.197196433;32.44681643;0.590910193;874.4617328;0.974835995;23.32984656;1.823858738;234.569519;0.105393619
1121981520;2013;1.229953217;31.66327718;0.538094831;847.3855868;1.003467318;21.32810544;2.17188549;263.4290771;0.348102065
1121979460;2013;1.325104142;31.58282613;0.533238221;907.877632;0.978226155;17.76820131;2.095099211;274.5751038;0.463882113
1120866340;2013;1.205137844;32.47071048;0.516702264;839.4187888;0.979452956;20.82444656;2.171040535;279.1000671;0.187585949
1120862240;2013;1.241600803;32.04043236;0.484234188;916.0279214;0.875587167;20.75846037;1.975246787;272.8048706;0.237632733
1120857660;2013;1.219373632;32.23295163;0.476911612;902.9393205;0.873710742;23.51922953;1.417933583;263.6818542;0.126786447
1120856300;2013;1.233278091;32.39702485;0.458523515;947.8654775;0.813812403;24.91769264;1.368101239;286.1997681;0.05712124
1120852360;2013;1.080666932;33.86453601;0.453797286;976.4305081;0.704381901;22.38429115;1.491633534;277.245636;0
1120880130;2013;1.282370969;32.01995693;0.614994898;909.0244428;1.016582764;24.88569429;1.7777704;223.0477142;0.313784302
1120879890;2013;1.352924788;31.56917889;0.559051466;976.0945536;0.974851946;21.60639677;2.084671021;247.3384399;0.402575492
1120878770;2013;1.444306815;31.16156707;0.556879539;1012.348339;0.971623757;19.29673806;2.012220144;248.4634705;0.453770375
1120877670;2013;1.472200653;30.59171798;0.53306177;1012.494465;0.945340587;19.99267861;2.022885561;271.3052063;0.301962489
1120866330;2013;1.323060985;31.88950538;0.508610112;907.4694745;0.947735727;18.35243131;1.965905786;264.0189209;0.81880095
1121982380;2013;1.461000779;30.81919206;0.538331839;1004.628196;0.930041905;16.2833779;2.14945817;290.7945251;0.273746163
1121978110;2013;1.409612204;31.32696862;0.482185542;939.6287264;0.942103511;17.59832668;1.884655237;289.5663147;0.727069919
1120862250;2013;1.281418393;31.69724334;0.495449308;869.2486113;0.943416301;21.80946046;1.608072877;281.1547546;0.249108196
1120864690;2013;1.419862257;30.72763341;0.500779939;988.1660964;0.936635062;16.30976618;2.039928198;296.1510315;0.727944841
1120874610;2013;1.514209534;31.07869215;0.501981545;991.101001;0.934215499;18.96877647;1.780265689;305.5918274;0.040303409
1121977820;2013;1.41421463;31.44915084;0.47438514;966.0946853;0.867072861;21.54474419;1.500119925;309.8302917;0.383082149
1120857450;2013;1.303987145;31.73832542;0.460850985;952.9859477;0.855519656;22.3254376;1.591332793;285.4307861;0.308049089
1121981400;2013;1.545732412;31.38937021;0.453351966;963.00132;0.930316309;18.80837014;1.755437016;332.4242554;0.01079997
1121977810;2013;1.501786487;30.98008833;0.462691917;966.2443046;0.910504599;19.32783862;1.724930406;335.1922913;0.250531636
1121975100;2013;1.293388726;31.98713666;0.484576408;880.411233;0.924360825;27.95712002;1.4008255;322.9745483;0.01438157
1120856310;2013;1.212820366;32.91897418;0.480105477;909.2063403;0.835375579;22.71568417;1.556748629;287.6834106;0.01475817
1121974190;2013;1.378694686;31.68465824;0.444161693;955.1805727;0.866216891;20.56972777;1.513174176;294.8814697;0.133817667
1121979280;2013;1.558974464;31.03196587;0.442508607;963.678789;0.9357374;18.48522395;1.646202326;350.9183655;0.020924024
1121974020;2013;1.328532658;32.17421147;0.414951615;998.6120452;0.784044086;21.35612413;1.552264094;301.4755859;0.016405959
1120852350;2013;1.21932629;32.6814692;0.404856783;987.1435615;0.789595163;21.00005908;1.460385919;299.6421509;0.014595389
1120879700;2013;1.295000101;31.14711292;0.572947232;966.7033306;0.951240802;18.48894734;2.060117722;249.575119;0.764974745
1120870380;2013;1.284180698;31.28520611;0.522263946;811.7487533;1.039795878;21.59405059;2.295966148;289.4528503;0.434705057
1121981670;2013;1.386675714;30.46058727;0.539310035;999.4225611;0.935607468;16.03313824;2.163295031;285.926239;0.666108568
1120878780;2013;1.448599063;30.21175026;0.544940725;1020.636221;0.948629036;15.14086098;2.358321428;281.2926941;0.392013895
1120867640;2013;1.244970484;31.48437567;0.511397517;817.2987368;1.011859445;20.46849834;2.266845226;289.3864746;0.677983414
1120877470;2013;1.444643986;30.49686887;0.537597389;1023.911224;0.925059004;17.21716219;2.019060612;277.0557556;0.47901927
1121981440;2013;1.538069963;29.96994774;0.499345195;995.8767245;0.932499792;15.13253521;2.146601915;312.8416443;0.448061899
1120864520;2013;1.401878178;31.55829929;0.470325547;946.6061993;0.893064464;19.17260753;1.630057693;297.0316467;0.287437212
1120874440;2013;1.539537186;30.15153687;0.508782825;975.7134033;0.947400397;15.36376845;1.966478229;318.4694519;0.228211514
1121976480;2013;1.395689408;31.69467656;0.424229126;958.9113903;0.841197089;23.44859072;1.462740421;329.0720825;0.076763631
1120881500;2014;1.044394194;32.29491901;0.541515064;1198.807443;0.695650561;30.48301412;1.930765152;198.9049988;0
1120879710;2014;1.201953112;31.67055616;0.578719389;1252.861779;0.701472749;22.95102248;1.886775017;231.4894562;0.208471994
1121982320;2014;1.142909155;32.20563116;0.545435763;1275.035465;0.648382941;23.32984656;1.823858738;234.569519;0.103854372
1121981520;2014;1.167245164;31.34671097;0.521513209;1263.27459;0.66207899;21.32810544;2.17188549;263.4290771;0.114891221
1121979460;2014;1.252840665;30.45691458;0.510744982;1282.919582;0.659588532;17.76820131;2.095099211;274.5751038;0.443098513
1120866340;2014;1.197144081;31.48183063;0.481319472;1255.017239;0.627984838;20.82444656;2.171040535;279.1000671;0.20351584
1120862240;2014;1.16787936;31.85286733;0.475827554;1335.556022;0.565295421;20.75846037;1.975246787;272.8048706;0.098868853
1120857660;2014;1.268057068;31.45252738;0.458375105;1396.874426;0.565874024;23.51922953;1.417933583;263.6818542;0.048026587
1120856300;2014;1.23784101;31.81036522;0.450781839;1430.322771;0.5295675;24.91769264;1.368101239;286.1997681;0.000724916
1120852360;2014;1.100066824;33.5728554;0.441111167;1434.201456;0.474821364;22.38429115;1.491633534;277.245636;0
1120880130;2014;1.212821429;31.62009744;0.595798575;1221.605506;0.736526896;24.88569429;1.7777704;223.0477142;0.25203129
1120879890;2014;1.296067779;31.09344211;0.583108381;1262.342668;0.746552841;21.60639677;2.084671021;247.3384399;0.146254645
1120878770;2014;1.295495124;30.86044437;0.585831387;1295.904728;0.732537109;19.29673806;2.012220144;248.4634705;0.098216711
1120877670;2014;1.342664127;30.93661448;0.576605908;1279.835572;0.71404337;19.99267861;2.022885561;271.3052063;0.267415345
1120866330;2014;1.231588836;31.10172659;0.501691134;1286.194619;0.647559725;18.35243131;1.965905786;264.0189209;0.681581355
1121982380;2014;1.325631156;30.98251982;0.589216284;1241.314177;0.73059732;16.2833779;2.14945817;290.7945251;0.119513236
1121978110;2014;1.301078233;31.16833831;0.514731596;1298.049329;0.676315436;17.59832668;1.884655237;289.5663147;0.468265083
1120862250;2014;1.290544796;30.94584527;0.478066348;1336.852198;0.621352099;21.80946046;1.608072877;281.1547546;0.011458953
1120864690;2014;1.359765954;30.54723529;0.522730935;1312.007483;0.655027218;16.30976618;2.039928198;296.1510315;0.425552274
1120874610;2014;1.347780558;31.73495034;0.539147086;1199.115315;0.747367292;18.96877647;1.780265689;305.5918274;0.012062343
1121977820;2014;1.303575959;31.37194789;0.505588688;1303.413125;0.628448421;21.54474419;1.500119925;309.8302917;0.077509072
1120857450;2014;1.231715555;31.1391659;0.465613636;1403.895891;0.553726436;22.3254376;1.591332793;285.4307861;0.003776376
1121981400;2014;1.335443282;32.16748344;0.491549293;1194.768998;0.724640668;18.80837014;1.755437016;332.4242554;0.022669429
1121977810;2014;1.392826206;31.06823559;0.511802719;1279.453104;0.686201527;19.32783862;1.724930406;335.1922913;0.138587576
1121975100;2014;1.328011138;31.07846482;0.446872521;1380.364771;0.593990382;27.95712002;1.4008255;322.9745483;0
1120856310;2014;1.256477766;31.75666274;0.460363643;1429.414729;0.537033085;22.71568417;1.556748629;287.6834106;0.003321084
1121974190;2014;1.334440398;31.03121961;0.494025689;1389.148629;0.614283168;20.56972777;1.513174176;294.8814697;0.052268908
1121979280;2014;1.435704566;31.32560997;0.490350705;1199.754574;0.749597501;18.48522395;1.646202326;350.9183655;0.054886847
1121974020;2014;1.258910237;31.28700232;0.44136331;1349.71169;0.58756747;21.35612413;1.552264094;301.4755859;0.003856641
1120852350;2014;1.248974414;31.7568543;0.399685731;1378.721606;0.549367979;21.00005908;1.460385919;299.6421509;0
1120879700;2014;1.345676887;30.184207;0.585551287;1295.147809;0.719988642;18.48894734;2.060117722;249.575119;0.474667698
1120870380;2014;1.228455506;30.59812157;0.48011108;1253.319424;0.66087047;21.59405059;2.295966148;289.4528503;0.216682772
1121981670;2014;1.320287584;29.56389893;0.55481587;1349.260945;0.670777247;16.03313824;2.163295031;285.926239;0.375306392
1120878780;2014;1.392465074;29.54041395;0.575691421;1331.166608;0.727153573;15.14086098;2.358321428;281.2926941;0.308391037
1120867640;2014;1.211879025;30.27863222;0.477713651;1281.238999;0.617852675;20.46849834;2.266845226;289.3864746;0.187320534
1120877470;2014;1.43075967;30.0873291;0.574938202;1324.750847;0.71657713;17.21716219;2.019060612;277.0557556;0.324773805
1121981440;2014;1.408478387;29.80656836;0.553607154;1306.463796;0.704203386;15.13253521;2.146601915;312.8416443;0.302704248
1120864520;2014;1.287595288;31.48315483;0.510811305;1303.408639;0.642410579;19.17260753;1.630057693;297.0316467;0.060516389
1120874440;2014;1.367790838;30.56056228;0.588725384;1267.375948;0.725209227;15.36376845;1.966478229;318.4694519;0.042357351
1121976480;2014;1.378984149;31.26467168;0.467299459;1274.711285;0.657674776;23.44859072;1.462740421;329.0720825;0.059346279
1120881500;2015;1.167974002;31.83970103;0.500149911;886.961261;0.938237515;30.48301412;1.930765152;198.9049988;0.043978387
1120879710;2015;1.20584402;31.18426925;0.516442182;882.6524934;0.967171354;22.95102248;1.886775017;231.4894562;0.043635899
1121982320;2015;1.173497233;31.76770398;0.511199089;864.5360673;0.931138261;23.32984656;1.823858738;234.569519;0.017828839
1121981520;2015;1.161758584;31.27501398;0.478955263;845.2655949;0.951876648;21.32810544;2.17188549;263.4290771;0.061363674
1121979460;2015;1.216130873;31.57857706;0.456826829;883.0163854;0.885855898;17.76820131;2.095099211;274.5751038;0.352763298
1120866340;2015;1.186635235;32.30882828;0.432605804;830.7713757;0.872392913;20.82444656;2.171040535;279.1000671;0.086147084
1120862240;2015;1.233202911;31.92734631;0.424902085;924.210669;0.784228773;20.75846037;1.975246787;272.8048706;0.059500158
1120857660;2015;1.288323208;31.13926091;0.380479726;927.4902385;0.810940069;23.51922953;1.417933583;263.6818542;0
1120856300;2015;1.166956391;32.15011931;0.364378909;975.3963616;0.68995699;24.91769264;1.368101239;286.1997681;0
1120852360;2015;1.006324509;33.72331738;0.357285245;983.446845;0.6014687;22.38429115;1.491633534;277.245636;0
1120880130;2015;1.261753077;31.08863728;0.518202549;899.0118343;0.999626261;24.88569429;1.7777704;223.0477142;0.194812663
1120879890;2015;1.230162927;30.91720374;0.505314813;904.8263793;0.96310083;21.60639677;2.084671021;247.3384399;0.27732841
1120878770;2015;1.27759022;30.84142122;0.517265468;924.5723415;0.965155422;19.29673806;2.012220144;248.4634705;0.581341974
1120877670;2015;1.241072818;30.82077496;0.504189906;954.6124067;0.898386853;19.99267861;2.022885561;271.3052063;0.139907803
1120866330;2015;1.195073124;31.96511603;0.42731448;904.5067782;0.819907325;18.35243131;1.965905786;264.0189209;0.223724053
1121982380;2015;1.183370233;31.57252884;0.493709566;998.0581232;0.799855926;16.2833779;2.14945817;290.7945251;0.059439923
1121978110;2015;1.216834539;31.70531767;0.411778773;942.3002272;0.787787314;17.59832668;1.884655237;289.5663147;0.158874048
1120862250;2015;1.315549334;31.06882234;0.409017968;842.4673962;0.914060803;21.80946046;1.608072877;281.1547546;0.003098085
1120864690;2015;1.259569066;30.94245641;0.425605567;974.242794;0.800762444;16.30976618;2.039928198;296.1510315;0.105458091
1120874610;2015;1.254070102;31.56782184;0.469470714;1046.8233;0.791945588;18.96877647;1.780265689;305.5918274;0.054576608
1121977820;2015;1.286613991;31.05721261;0.41386307;1011.370577;0.763536045;21.54474419;1.500119925;309.8302917;0.005693859
1120857450;2015;1.266515456;31.2670485;0.390077378;978.4027521;0.768228053;22.3254376;1.591332793;285.4307861;0.041541471
1121981400;2015;1.257177814;31.72897406;0.427116682;1048.023957;0.75020385;18.80837014;1.755437016;332.4242554;0.011979696
1121977810;2015;1.36446589;30.61468041;0.41702736;1040.385347;0.778444887;19.32783862;1.724930406;335.1922913;0.015522195
1121975100;2015;1.280756889;31.66445608;0.403021623;881.8512659;0.854664307;27.95712002;1.4008255;322.9745483;0
1120856310;2015;1.153756818;32.28193897;0.399073557;941.4590261;0.747375426;22.71568417;1.556748629;287.6834106;0
1121974190;2015;1.313857597;31.41275705;0.422764106;966.0038604;0.827705072;20.56972777;1.513174176;294.8814697;0
1121979280;2015;1.34584242;30.96238971;0.394965759;1041.5306;0.772711883;18.48522395;1.646202326;350.9183655;0.001807159
1121974020;2015;1.194017247;32.05365028;0.367220156;974.6498876;0.730322683;21.35612413;1.552264094;301.4755859;0.005095123
1120852350;2015;1.162911015;32.22804343;0.336520598;989.0847423;0.697492417;21.00005908;1.460385919;299.6421509;0
1120879700;2015;1.184515458;30.89426612;0.507247982;896.0411678;0.92756772;18.48894734;2.060117722;249.575119;0.507719083
1120870380;2015;1.1466511;30.89349576;0.460916813;799.8533938;0.999913532;21.59405059;2.295966148;289.4528503;0.053801272
1121981670;2015;1.278549562;30.17542728;0.480947276;941.1108997;0.905761288;16.03313824;2.163295031;285.926239;0.554789317
1120878780;2015;1.308165765;29.86618313;0.496828245;958.0763254;0.91347656;15.14086098;2.358321428;281.2926941;0.379376173
1120867640;2015;1.175399489;30.90946455;0.447199834;786.5344555;0.955388236;20.46849834;2.266845226;289.3864746;0.021262787
1120877470;2015;1.329126306;30.43894206;0.491171885;974.0710277;0.896054414;17.21716219;2.019060612;277.0557556;0.473357605
1121981440;2015;1.320730459;30.26726622;0.45838395;1020.420591;0.819173081;15.13253521;2.146601915;312.8416443;0.081652154
1120864520;2015;1.226400493;31.58542955;0.414173691;936.7130271;0.791998378;19.17260753;1.630057693;297.0316467;0
1120874440;2015;1.268051068;30.87990833;0.467412621;1037.723406;0.781169221;15.36376845;1.966478229;318.4694519;0.000612038
1121976480;2015;1.321978104;31.16203295;0.378996981;999.0289014;0.77809179;23.44859072;1.462740421;329.0720825;0.008955217
1120881500;2016;1.210397829;32.22000105;0.54679623;1169.773421;0.782672193;30.48301412;1.930765152;198.9049988;0.005398345
1120879710;2016;1.25388825;31.85015711;0.572675943;1176.680232;0.81864864;22.95102248;1.886775017;231.4894562;0.132498532
1121982320;2016;1.207211571;32.39348685;0.546478802;1179.315003;0.762092475;23.32984656;1.823858738;234.569519;0.068029689
1121981520;2016;1.182696653;32.0417742;0.528728275;1166.308363;0.746043299;21.32810544;2.17188549;263.4290771;0.049700008
1121979460;2016;1.182587388;31.88907153;0.51127931;1194.661207;0.70723632;17.76820131;2.095099211;274.5751038;0.161193852
1120866340;2016;1.157584507;32.45773966;0.461913219;1168.120706;0.702398965;20.82444656;2.171040535;279.1000671;0.020786196
1120862240;2016;1.24417864;31.9058995;0.456817371;1247.66071;0.640852554;20.75846037;1.975246787;272.8048706;0.163699042
1120857660;2016;1.328676971;31.00515799;0.41289704;1241.72986;0.705298342;23.51922953;1.417933583;263.6818542;0.094123652
1120856300;2016;1.317725293;31.79222063;0.408078345;1266.605417;0.668692516;24.91769264;1.368101239;286.1997681;0.059560335
1120852360;2016;1.155770656;33.17847049;0.388747257;1261.451716;0.568520997;22.38429115;1.491633534;277.245636;0
1120880130;2016;1.30696478;32.09849991;0.566033677;1148.724936;0.847890707;24.88569429;1.7777704;223.0477142;0.117038864
1120879890;2016;1.286579705;31.82527334;0.549682627;1198.394548;0.761276982;21.60639677;2.084671021;247.3384399;0.014650068
1120878770;2016;1.252778615;31.56709348;0.572278121;1213.066162;0.748085173;19.29673806;2.012220144;248.4634705;0.062051072
1120877670;2016;1.35672756;31.04977882;0.543860346;1234.581577;0.734433165;19.99267861;2.022885561;271.3052063;0.087002377
1120866330;2016;1.153772447;32.21433558;0.482545209;1213.06525;0.660388793;18.35243131;1.965905786;264.0189209;0.138971838
1121982380;2016;1.318831423;31.01268692;0.556837619;1222.804792;0.741961751;16.2833779;2.14945817;290.7945251;0.381415699
1121978110;2016;1.320560006;31.06968167;0.478390096;1244.063379;0.701261618;17.59832668;1.884655237;289.5663147;0.267995102
1120862250;2016;1.275776934;31.04775187;0.428891333;1217.988794;0.712327803;21.80946046;1.608072877;281.1547546;0.083702893
1120864690;2016;1.372933093;30.58888966;0.485762871;1257.399519;0.722902497;16.30976618;2.039928198;296.1510315;0.334630019
1120874610;2016;1.341404407;31.63297675;0.506794188;1175.888863;0.771858355;18.96877647;1.780265689;305.5918274;0.030730991
1121977820;2016;1.402104921;30.42179014;0.468223777;1240.037415;0.717106937;21.54474419;1.500119925;309.8302917;0.150912621
1120857450;2016;1.360572852;30.87728807;0.446030451;1284.948446;0.665044621;22.3254376;1.591332793;285.4307861;0.351090616
1121981400;2016;1.347801696;32.09407353;0.456283286;1193.045898;0.733221318;18.80837014;1.755437016;332.4242554;0.032166572
1121977810;2016;1.48460997;29.59882495;0.448786475;1239.353136;0.724791864;19.32783862;1.724930406;335.1922913;0.641203031
1121975100;2016;1.350499002;31.26098375;0.398605936;1258.6236;0.686634692;27.95712002;1.4008255;322.9745483;0
1120856310;2016;1.264462546;31.85579085;0.418676434;1259.058859;0.67441397;22.71568417;1.556748629;287.6834106;0.028355227
1121974190;2016;1.41804051;30.54589212;0.45404366;1255.71992;0.730505266;20.56972777;1.513174176;294.8814697;0.344867549
1121979280;2016;1.486151749;30.95667584;0.438052069;1216.327333;0.732263692;18.48522395;1.646202326;350.9183655;0.151223458
1121974020;2016;1.308984626;31.60823502;0.418480253;1234.785254;0.68611166;21.35612413;1.552264094;301.4755859;0.080543817
1120852350;2016;1.306346832;31.67478736;0.354625471;1246.442483;0.627897315;21.00005908;1.460385919;299.6421509;0.082567684
1120879700;2016;1.279674157;31.44038027;0.580556972;1210.258038;0.766427137;18.48894734;2.060117722;249.575119;0.1209009
1120870380;2016;1.170913921;31.68789438;0.48464033;1135.629927;0.750525325;21.59405059;2.295966148;289.4528503;0.094676382
1121981670;2016;1.314137517;30.57113221;0.537019542;1247.295703;0.76566971;16.03313824;2.163295031;285.926239;0.643765664
1120878780;2016;1.363645997;30.57075267;0.5632058;1224.86415;0.787120083;15.14086098;2.358321428;281.2926941;0.150936198
1120867640;2016;1.164990183;31.49142794;0.459160014;1180.715876;0.6935794;20.46849834;2.266845226;289.3864746;0.117628933
1120877470;2016;1.383169253;30.97513569;0.552521316;1243.978125;0.765974628;17.21716219;2.019060612;277.0557556;0.300387024
1121981440;2016;1.401100027;30.3142408;0.505581347;1237.683384;0.738836303;15.13253521;2.146601915;312.8416443;0.585063586
1120864520;2016;1.334913147;30.84850569;0.465773639;1237.935589;0.698909748;19.17260753;1.630057693;297.0316467;0.026449902
1120874440;2016;1.409394461;30.6491841;0.538079629;1208.808801;0.753422759;15.36376845;1.966478229;318.4694519;0.538374895
1121976480;2016;1.390331273;30.60170232;0.431651195;1225.400104;0.715542613;23.44859072;1.462740421;329.0720825;0.239049379
1120881500;2017;1.084670267;33.25541142;0.490343379;962.3009579;0.825516817;30.48301412;1.930765152;198.9049988;0.083399936
1120879710;2017;1.201284191;32.53436108;0.499445176;970.5642029;0.851272036;22.95102248;1.886775017;231.4894562;0.17904689
1121982320;2017;1.143412033;33.22656578;0.476601172;929.0952846;0.819077923;23.32984656;1.823858738;234.569519;0.083750049
1121981520;2017;1.168863612;32.47612064;0.444055692;909.0246835;0.82717781;21.32810544;2.17188549;263.4290771;0.117214202
1121979460;2017;1.18070998;32.15972661;0.430246047;952.3053058;0.791984413;17.76820131;2.095099211;274.5751038;0.033143516
1120866340;2017;1.200307349;32.56844647;0.398511218;919.3185362;0.806037726;20.82444656;2.171040535;279.1000671;0.030344361
1120862240;2017;1.283823867;32.24450485;0.382915256;1034.481377;0.733337279;20.75846037;1.975246787;272.8048706;0.15794419
1120857660;2017;1.348667512;31.50821441;0.349904316;1030.038011;0.788719364;23.51922953;1.417933583;263.6818542;0.132710601
1120856300;2017;1.281158737;32.46194983;0.34507031;1074.19449;0.692444021;24.91769264;1.368101239;286.1997681;0.012889816
1120852360;2017;1.124582194;34.06741887;0.347471948;1068.613543;0.606830076;22.38429115;1.491633534;277.245636;0
1120880130;2017;1.239510087;32.19073869;0.505191449;1010.515509;0.879349774;24.88569429;1.7777704;223.0477142;0.10098449
1120879890;2017;1.308285783;31.88858464;0.48672681;1101.33623;0.779052066;21.60639677;2.084671021;247.3384399;0.021721359
1120878770;2017;1.36044521;32.2667301;0.507021679;1146.386619;0.744479988;19.29673806;2.012220144;248.4634705;0.028802691
1120877670;2017;1.369569829;31.98141947;0.47938564;1173.587697;0.72552884;19.99267861;2.022885561;271.3052063;0.032094573
1120866330;2017;1.152138714;32.52195688;0.413177374;974.0446921;0.741165851;18.35243131;1.965905786;264.0189209;0.212733048
1121982380;2017;1.253610803;32.04346594;0.481212256;1144.778661;0.708040574;16.2833779;2.14945817;290.7945251;0.160756518
1121978110;2017;1.256511968;31.66988398;0.399442471;1013.119371;0.71838556;17.59832668;1.884655237;289.5663147;0.136227891
1120862250;2017;1.265405852;31.70819907;0.371280779;968.0347821;0.827679047;21.80946046;1.608072877;281.1547546;0.053154968
1120864690;2017;1.310147984;31.1069346;0.438688307;997.7067973;0.79074733;16.30976618;2.039928198;296.1510315;0.144847814
1120874610;2017;1.350750728;32.0223731;0.43516977;1172.719643;0.706452151;18.96877647;1.780265689;305.5918274;0.050867845
1121977820;2017;1.35360596;30.99075704;0.417736762;1027.851922;0.771298003;21.54474419;1.500119925;309.8302917;0.316186958
1120857450;2017;1.34228772;31.83460004;0.345952793;1085.108858;0.714804632;22.3254376;1.591332793;285.4307861;0.244043095
1121981400;2017;1.340031948;32.59216185;0.390019827;1141.798524;0.711079646;18.80837014;1.755437016;332.4242554;0.043661282
1121977810;2017;1.359919765;31.01650757;0.398220902;1068.319451;0.759268101;19.32783862;1.724930406;335.1922913;0.250688678
1121975100;2017;1.31035093;31.73300086;0.340691698;997.6330699;0.77449045;27.95712002;1.4008255;322.9745483;0
1120856310;2017;1.238109097;32.6471142;0.373120324;1039.805379;0.732006575;22.71568417;1.556748629;287.6834106;0
1121974190;2017;1.373247689;31.35469923;0.362162361;1081.169981;0.729751078;20.56972777;1.513174176;294.8814697;0.181866103
1121979280;2017;1.434572184;31.7492977;0.354134261;1112.363118;0.738521099;18.48522395;1.646202326;350.9183655;0.147446067
1121974020;2017;1.375263758;32.1353866;0.321428455;1100.715849;0.683701412;21.35612413;1.552264094;301.4755859;0.029036396
1120852350;2017;1.273662512;32.69160511;0.313287979;1099.44593;0.666539309;21.00005908;1.460385919;299.6421509;0.008617884
1120879700;2017;1.252624775;31.80143862;0.493111131;1033.598008;0.796088399;18.48894734;2.060117722;249.575119;0.096988189
1120870380;2017;1.230497956;31.80702408;0.411351078;853.128719;0.927946275;21.59405059;2.295966148;289.4528503;0.136767721
1121981670;2017;1.338398768;30.90327046;0.459853828;1024.823123;0.834002982;16.03313824;2.163295031;285.926239;0.003604437
1120878780;2017;1.352233681;30.97959894;0.494415208;1070.884328;0.811792392;15.14086098;2.358321428;281.2926941;0.037675245
1120867640;2017;1.245745852;31.69364391;0.398368857;877.1134616;0.875129441;20.46849834;2.266845226;289.3864746;0.101401017
1120877470;2017;1.325694202;31.50436485;0.479948705;1108.184761;0.746475819;17.21716219;2.019060612;277.0557556;0.092639988
1121981440;2017;1.320590899;30.70460689;0.439586282;1066.636125;0.758877531;15.13253521;2.146601915;312.8416443;0.38494623
1120864520;2017;1.325240999;31.33910463;0.401245738;1006.27835;0.763120656;19.17260753;1.630057693;297.0316467;0.123964964
1120874440;2017;1.356772029;31.25910328;0.460173135;1119.951385;0.726817772;15.36376845;1.966478229;318.4694519;0.400414671
1121976480;2017;1.361801088;31.53324178;0.332815467;1023.607104;0.730947454;23.44859072;1.462740421;329.0720825;0.146784899
1120881500;2018;1.215923728;32.17311848;0.527675094;1230.524858;0.670311975;30.48301412;1.930765152;198.9049988;0.002880174
1120879710;2018;1.319890707;31.08869691;0.554909934;1269.287077;0.706268269;22.95102248;1.886775017;231.4894562;0
1121982320;2018;1.284792606;31.600031;0.55487875;1276.329386;0.678512336;23.32984656;1.823858738;234.569519;0
1121981520;2018;1.32025675;31.23543431;0.541556654;1259.068511;0.687725088;21.32810544;2.17188549;263.4290771;0.005562909
1121979460;2018;1.364858492;30.75607852;0.508691022;1323.187093;0.634397796;17.76820131;2.095099211;274.5751038;0.07243213
1120866340;2018;1.391977215;30.64118934;0.520253;1241.062476;0.696168577;20.82444656;2.171040535;279.1000671;0.028944794
1120862240;2018;1.434188781;30.5929034;0.531628812;1355.815434;0.637423734;20.75846037;1.975246787;272.8048706;0.139337796
1120857660;2018;1.402007323;30.84578958;0.497894327;1346.846634;0.607670798;23.51922953;1.417933583;263.6818542;0
1120856300;2018;1.387842945;31.8430043;0.47677743;1338.268259;0.606758814;24.91769264;1.368101239;286.1997681;0.084837694
1120852360;2018;1.198551483;33.39283163;0.462652331;1326.547055;0.541002097;22.38429115;1.491633534;277.245636;0
1120880130;2018;1.392415047;30.95119505;0.545001063;1251.34351;0.737768739;24.88569429;1.7777704;223.0477142;0
1120879890;2018;1.371740713;31.07904483;0.520345845;1368.203927;0.661205259;21.60639677;2.084671021;247.3384399;0.000747092
1120878770;2018;1.343543645;31.09250775;0.525806549;1410.668455;0.635246146;19.29673806;2.012220144;248.4634705;0
1120877670;2018;1.395730767;31.15580408;0.519301362;1436.871708;0.632913476;19.99267861;2.022885561;271.3052063;0.002448907
1120866330;2018;1.372451832;31.06075307;0.530242333;1333.905369;0.616433205;18.35243131;1.965905786;264.0189209;0.078944738
1121982380;2018;1.399829082;30.74636265;0.535584863;1460.571144;0.612674601;16.2833779;2.14945817;290.7945251;0.004869479
1121978110;2018;1.464525922;30.06487785;0.517708431;1390.497477;0.628205769;17.59832668;1.884655237;289.5663147;0.034605535
1120862250;2018;1.442094654;30.73965396;0.507754714;1247.586783;0.692956819;21.80946046;1.608072877;281.1547546;0.007755699
1120864690;2018;1.389882287;29.931915;0.538834282;1431.913572;0.599802062;16.30976618;2.039928198;296.1510315;0.384305366
1120874610;2018;1.511406654;30.10776113;0.469663325;1463.062887;0.596743965;18.96877647;1.780265689;305.5918274;0.018966783
1121977820;2018;1.469020302;29.51995099;0.523364113;1486.679875;0.58390917;21.54474419;1.500119925;309.8302917;0.313229409
1120857450;2018;1.497753624;30.41774267;0.502690766;1410.684082;0.632338084;22.3254376;1.591332793;285.4307861;0.208249427
1121981400;2018;1.394838479;31.35658444;0.460961943;1465.687549;0.580177846;18.80837014;1.755437016;332.4242554;0.061359324
1121977810;2018;1.451022675;30.15680581;0.498870582;1490.183126;0.597488581;19.32783862;1.724930406;335.1922913;0.512961799
1121975100;2018;1.427142076;31.71560073;0.477868207;1242.163027;0.673162913;27.95712002;1.4008255;322.9745483;0.001196734
1120856310;2018;1.38206372;32.06104293;0.488512635;1270.279423;0.61893343;22.71568417;1.556748629;287.6834106;0.003320819
1121974190;2018;1.553565253;30.18582587;0.509833655;1418.311668;0.659096942;20.56972777;1.513174176;294.8814697;0.174832151
1121979280;2018;1.46945712;30.8174474;0.475593824;1458.955418;0.607619497;18.48522395;1.646202326;350.9183655;0.21974806
1121974020;2018;1.454393919;31.10875899;0.465381027;1414.977259;0.593767841;21.35612413;1.552264094;301.4755859;0.006255361
1120852350;2018;1.383221428;31.34329191;0.428209404;1392.639837;0.578573826;21.00005908;1.460385919;299.6421509;0.035470948
1120879700;2018;1.319420411;30.49908441;0.531170691;1326.955516;0.669194174;18.48894734;2.060117722;249.575119;0.050110644
1120870380;2018;1.350930944;30.79243316;0.503043933;1212.824704;0.692976299;21.59405059;2.295966148;289.4528503;0
1121981670;2018;1.353387555;30.03221477;0.513901109;1392.965926;0.62952115;16.03313824;2.163295031;285.926239;0.095026075
1120878780;2018;1.409865782;29.73689959;0.531722976;1413.367412;0.658536468;15.14086098;2.358321428;281.2926941;0.100963524
1120867640;2018;1.278292042;31.02051379;0.502681487;1193.625806;0.673296278;20.46849834;2.266845226;289.3864746;0.014752634
1120877470;2018;1.41456882;30.12605556;0.539736752;1442.979724;0.650854233;17.21716219;2.019060612;277.0557556;0.124023637
1121981440;2018;1.44273904;29.54931807;0.531835563;1490.102247;0.617167698;15.13253521;2.146601915;312.8416443;0.241561485
1120864520;2018;1.496389702;29.6443086;0.515727425;1413.115537;0.63709174;19.17260753;1.630057693;297.0316467;0.130468865
1120874440;2018;1.438587214;30.00937577;0.546081689;1477.079039;0.616550077;15.36376845;1.966478229;318.4694519;0.238338241
1121976480;2018;1.396630942;30.51922592;0.473931308;1427.338818;0.592702956;23.44859072;1.462740421;329.0720825;0.188006391
1120881500;2019;1.277913676;32.26268999;0.543137122;1393.044782;0.628362487;30.48301412;1.930765152;198.9049988;0.008639897
1120879710;2019;1.300232944;31.08048263;0.567859689;1377.834853;0.665168447;22.95102248;1.886775017;231.4894562;0
1121982320;2019;1.225950934;31.60172355;0.592615858;1373.573103;0.65006129;23.32984656;1.823858738;234.569519;0.016121348
1121981520;2019;1.253184626;32.0142909;0.557622959;1322.310628;0.669024808;21.32810544;2.17188549;263.4290771;0.226914398
1121979460;2019;1.305829375;31.31480913;0.502044266;1324.624143;0.660864363;17.76820131;2.095099211;274.5751038;0.162486417
1120866340;2019;1.256528891;31.46088807;0.456573125;1267.904271;0.627805131;20.82444656;2.171040535;279.1000671;0.109701524
1120862240;2019;1.320204419;31.26397375;0.448107765;1362.805467;0.614002046;20.75846037;1.975246787;272.8048706;0.028651832
1120857660;2019;1.273095488;31.36298925;0.450762064;1377.690021;0.613871957;23.51922953;1.417933583;263.6818542;0
1120856300;2019;1.275098281;32.87703574;0.415745693;1378.823291;0.560080864;24.91769264;1.368101239;286.1997681;0
1120852360;2019;1.152023772;34.13568587;0.404858266;1331.761126;0.509092051;22.38429115;1.491633534;277.245636;0
1120880130;2019;1.374485732;30.95713399;0.550389077;1390.275454;0.673371094;24.88569429;1.7777704;223.0477142;0.051125761
1120879890;2019;1.396526824;31.25211811;0.530611644;1438.017785;0.660241995;21.60639677;2.084671021;247.3384399;0.070683972
1120878770;2019;1.460975832;31.47966751;0.525686633;1460.665707;0.673503156;19.29673806;2.012220144;248.4634705;0.126441364
1120877670;2019;1.430544078;31.63807286;0.512428363;1459.967578;0.661070074;19.99267861;2.022885561;271.3052063;0.043682161
1120866330;2019;1.367053941;31.06214462;0.46159827;1353.174827;0.622270167;18.35243131;1.965905786;264.0189209;0.007715728
1121982380;2019;1.393037828;31.78213499;0.528946965;1402.45583;0.661060096;16.2833779;2.14945817;290.7945251;0.134076195
1121978110;2019;1.445533094;30.59677443;0.448199959;1365.14602;0.635952009;17.59832668;1.884655237;289.5663147;0.029564979
1120862250;2019;1.25734522;31.57380448;0.456603598;1317.259871;0.630294174;21.80946046;1.608072877;281.1547546;0.001525119
1120864690;2019;1.449136626;30.44846575;0.461993778;1379.66107;0.616399685;16.30976618;2.039928198;296.1510315;0.364236693
1120874610;2019;1.510077714;31.64427038;0.485765936;1380.881435;0.689787997;18.96877647;1.780265689;305.5918274;0.059875726
1121977820;2019;1.476203431;30.78198578;0.463663878;1379.935569;0.628061083;21.54474419;1.500119925;309.8302917;0.374639238
1120857450;2019;1.376500468;31.51420194;0.435166868;1381.262408;0.598121291;22.3254376;1.591332793;285.4307861;0
1121981400;2019;1.334033867;33.28621384;0.459140329;1332.989759;0.639263471;18.80837014;1.755437016;332.4242554;0.102787891
1121977810;2019;1.437455474;31.8938352;0.46817244;1372.478429;0.62826705;19.32783862;1.724930406;335.1922913;0.248178652
1121975100;2019;1.224411105;32.61008669;0.433905651;1354.40331;0.574739872;27.95712002;1.4008255;322.9745483;0
1120856310;2019;1.18988766;33.57754223;0.445924283;1375.197872;0.545358964;22.71568417;1.556748629;287.6834106;0.001660512
1121974190;2019;1.508610945;31.14894327;0.413264838;1370.770971;0.617693375;20.56972777;1.513174176;294.8814697;0.007548259
1121979280;2019;1.333184763;32.96139098;0.448988489;1334.598149;0.618869704;18.48522395;1.646202326;350.9183655;0.176532614
1121974020;2019;1.403562449;32.1255748;0.374652254;1351.76346;0.570861473;21.35612413;1.552264094;301.4755859;0
1120852350;2019;1.300561203;32.39499151;0.368081639;1328.294493;0.568842979;21.00005908;1.460385919;299.6421509;0
1120879700;2019;1.344865247;30.81385595;0.557016259;1406.435862;0.649382355;18.48894734;2.060117722;249.575119;0.106154296
1120870380;2019;1.219207392;31.9089869;0.512089145;1262.171166;0.67235425;21.59405059;2.295966148;289.4528503;0.092504167
1121981670;2019;1.377439878;30.51643288;0.539074805;1423.917952;0.633105614;16.03313824;2.163295031;285.926239;0.28991449
1120878780;2019;1.441116801;30.31259113;0.541569615;1451.998203;0.656816796;15.14086098;2.358321428;281.2926941;0.396899328
1120867640;2019;1.190991931;32.2744387;0.493026308;1270.911602;0.632417198;20.46849834;2.266845226;289.3864746;0.395443717
1120877470;2019;1.4155813;30.9044147;0.542872059;1455.702442;0.641776582;17.21716219;2.019060612;277.0557556;0.494963371
1121981440;2019;1.401071261;30.70924634;0.51685881;1407.703439;0.643941208;15.13253521;2.146601915;312.8416443;0.598683814
1120864520;2019;1.49656582;30.6427441;0.414583486;1332.553398;0.646632025;19.17260753;1.630057693;297.0316467;0.046932811
1120874440;2019;1.385213466;31.38109728;0.518999279;1355.356049;0.657223378;15.36376845;1.966478229;318.4694519;0.537099586
1121976480;2019;1.438151361;32.01924398;0.411463757;1332.165424;0.637963899;23.44859072;1.462740421;329.0720825;0.1460186
1120881500;2020;1.209305136;32.29743063;0.460551457;953.4871449;0.848996722;30.48301412;1.930765152;198.9049988;0.000350115
1120879710;2020;1.376710838;30.25755778;0.474542282;974.0415852;0.959931818;22.95102248;1.886775017;231.4894562;0.116981027
1121982320;2020;1.292607541;30.48368775;0.472522416;974.3289918;0.91256483;23.32984656;1.823858738;234.569519;0.077177093
1121981520;2020;1.323267442;30.60254298;0.44396185;989.3340093;0.867820875;21.32810544;2.17188549;263.4290771;0.151345993
1121979460;2020;1.389846263;30.16262683;0.430048428;1067.711784;0.829043658;17.76820131;2.095099211;274.5751038;0.061391223
1120866340;2020;1.403492009;29.96911566;0.396750933;1049.177322;0.767082339;20.82444656;2.171040535;279.1000671;0.198509104
1120862240;2020;1.374282398;30.14765772;0.384408058;1130.758556;0.7037323;20.75846037;1.975246787;272.8048706;0.300509537
1120857660;2020;1.334599168;30.39537804;0.361386376;1116.179444;0.670043999;23.51922953;1.417933583;263.6818542;0.030081206
1120856300;2020;1.269871828;31.88736967;0.330210492;1149.283457;0.59235693;24.91769264;1.368101239;286.1997681;0.037396766
1120852360;2020;1.149281372;33.19191905;0.303892403;1139.858702;0.51444185;22.38429115;1.491633534;277.245636;0
1120880130;2020;1.443580446;30.70292261;0.486272284;973.1975011;0.990224129;24.88569429;1.7777704;223.0477142;0.165476531
1120879890;2020;1.445556502;30.66636718;0.467396042;1032.271513;0.967270373;21.60639677;2.084671021;247.3384399;0.011538994
1120878770;2020;1.406572807;30.71993067;0.480486914;1059.191981;0.945043724;19.29673806;2.012220144;248.4634705;0
1120877670;2020;1.466281139;30.96571784;0.478267356;1076.391477;0.916059968;19.99267861;2.022885561;271.3052063;0.033845214
1120866330;2020;1.409107494;30.04897096;0.421937874;1100.131728;0.777873522;18.35243131;1.965905786;264.0189209;0.109689885
1121982380;2020;1.461565231;30.34145788;0.477318699;1117.077778;0.85728688;16.2833779;2.14945817;290.7945251;0.065151334
1121978110;2020;1.4547665;29.38593342;0.380500142;1149.514451;0.752913877;17.59832668;1.884655237;289.5663147;0.042617906
1120862250;2020;1.370247453;30.19884723;0.375911996;1065.798091;0.735493419;21.80946046;1.608072877;281.1547546;0.224344216
1120864690;2020;1.521118981;29.36966757;0.388705825;1148.543144;0.808438416;16.30976618;2.039928198;296.1510315;0.002648037
1120874610;2020;1.520912171;30.69003554;0.432942285;1149.653841;0.810993852;18.96877647;1.780265689;305.5918274;0.26395055
1121977820;2020;1.481148951;29.3578018;0.363999838;1182.133744;0.769892278;21.54474419;1.500119925;309.8302917;0.277136131
1120857450;2020;1.395315031;30.47832887;0.367980351;1170.028167;0.681207671;22.3254376;1.591332793;285.4307861;0.346909877
1121981400;2020;1.434495239;32.23670819;0.375771791;1172.173477;0.739809293;18.80837014;1.755437016;332.4242554;0.02367212
1121977810;2020;1.501225666;30.13443407;0.361828537;1192.842556;0.768839805;19.32783862;1.724930406;335.1922913;0.611555092
1121975100;2020;1.36987706;31.14705955;0.323860754;1093.868445;0.680044473;27.95712002;1.4008255;322.9745483;0.008526918
1120856310;2020;1.223960482;32.24030572;0.35951595;1117.755056;0.610663023;22.71568417;1.556748629;287.6834106;0.002057962
1121974190;2020;1.396853494;30.14007481;0.375571646;1174.567336;0.715013765;20.56972777;1.513174176;294.8814697;0.175984618
1121979280;2020;1.438590389;32.06907753;0.360976125;1164.975851;0.738537487;18.48522395;1.646202326;350.9183655;0.096526336
1121974020;2020;1.346200026;31.31777324;0.33307145;1180.684606;0.631896864;21.35612413;1.552264094;301.4755859;0.008666648
1120852350;2020;1.25847846;32.04495466;0.296809321;1178.332845;0.596288201;21.00005908;1.460385919;299.6421509;0.004575517
1120879700;2020;1.440284367;29.70551829;0.472806978;1006.495034;0.981660795;18.48894734;2.060117722;249.575119;0.0014435
1120870380;2020;1.305097398;30.89894159;0.413642001;979.7723169;0.787507771;21.59405059;2.295966148;289.4528503;0.223705469
1121981670;2020;1.506701726;29.37340827;0.433529869;1087.397782;0.877816704;16.03313824;2.163295031;285.926239;0
1120878780;2020;1.540198902;29.2811349;0.457138099;1092.351238;0.924600493;15.14086098;2.358321428;281.2926941;0
1120867640;2020;1.206244856;31.16999202;0.412029183;1004.771261;0.722924688;20.46849834;2.266845226;289.3864746;0.084170513
1120877470;2020;1.51414831;29.49106916;0.459675556;1103.342506;0.903013219;17.21716219;2.019060612;277.0557556;0
1121981440;2020;1.538710435;29.08162508;0.414635477;1160.297248;0.829876822;15.13253521;2.146601915;312.8416443;0.039302023
1120864520;2020;1.439624692;29.60331831;0.364304537;1151.602555;0.717185601;19.17260753;1.630057693;297.0316467;0.149239369
1120874440;2020;1.547060544;29.60494165;0.425103634;1155.672547;0.832321876;15.36376845;1.966478229;318.4694519;0.03611946
1121976480;2020;1.387604329;30.99710749;0.330064338;1166.856465;0.693653127;23.44859072;1.462740421;329.0720825;0.247725723
1120881500;2021;1.192539684;33.09319756;0.270932464;1355.667756;0.478097168;30.48301412;1.930765152;198.9049988;0.001016286
1120879710;2021;1.403913569;30.84590852;0.245999071;1370.088917;0.530211012;22.95102248;1.886775017;231.4894562;0.019061363
1121982320;2021;1.365049312;31.35282207;0.247332011;1353.996891;0.521493127;23.32984656;1.823858738;234.569519;0.021496832
1121981520;2021;1.388668472;31.34515409;0.22017514;1300.196842;0.555865343;21.32810544;2.17188549;263.4290771;0.089662016
1121979460;2021;1.49339033;30.5827115;0.201757183;1309.235803;0.58043325;17.76820131;2.095099211;274.5751038;0.132054808
1120866340;2021;1.415243012;30.91198542;0.192403139;1259.090124;0.559605899;20.82444656;2.171040535;279.1000671;0.092262809
1120862240;2021;1.478300864;30.87299609;0.186856552;1298.768143;0.532283959;20.75846037;1.975246787;272.8048706;0.376833942
1120857660;2021;1.380545721;31.47682223;0.179613395;1296.488479;0.525160042;23.51922953;1.417933583;263.6818542;0.031657195
1120856300;2021;1.295723721;33.22933599;0.167608739;1335.315049;0.452430557;24.91769264;1.368101239;286.1997681;0.011589852
1120852360;2021;1.156808087;34.41734771;0.160442337;1333.390826;0.373780161;22.38429115;1.491633534;277.245636;0
1120880130;2021;1.416186958;31.2295071;0.241201686;1347.145171;0.544001435;24.88569429;1.7777704;223.0477142;0.042934305
1120879890;2021;1.527158309;31.59174156;0.223611044;1366.847714;0.605362663;21.60639677;2.084671021;247.3384399;0.009860986
1120878770;2021;1.530717473;31.33444441;0.224419841;1375.252274;0.600187277;19.29673806;2.012220144;248.4634705;0
1120877670;2021;1.528869415;30.97603634;0.240710553;1322.187177;0.607168178;19.99267861;2.022885561;271.3052063;0
1120866330;2021;1.442144606;30.56083108;0.20954498;1308.180397;0.558042695;18.35243131;1.965905786;264.0189209;0.309539605
1121982380;2021;1.607469792;30.5967524;0.232754488;1285.967721;0.617954028;16.2833779;2.14945817;290.7945251;0.003108227
1121978110;2021;1.589888612;29.7383343;0.173347337;1320.313784;0.582118592;17.59832668;1.884655237;289.5663147;0.176260889
1120862250;2021;1.38619681;31.21486612;0.168821431;1252.631326;0.539664486;21.80946046;1.608072877;281.1547546;0.050998046
1120864690;2021;1.688800751;29.93301018;0.191381983;1333.967149;0.618792001;16.30976618;2.039928198;296.1510315;0.606288809
1120874610;2021;1.611116208;31.38604835;0.210664705;1239.176648;0.665253259;18.96877647;1.780265689;305.5918274;0.081128522
1121977820;2021;1.613171051;29.91858445;0.185339469;1347.808634;0.594244442;21.54474419;1.500119925;309.8302917;0.168106884
1120857450;2021;1.420210129;31.69896141;0.184749536;1354.008426;0.503655121;22.3254376;1.591332793;285.4307861;0.389229337
1121981400;2021;1.427403109;33.09893172;0.201977551;1263.130421;0.599243085;18.80837014;1.755437016;332.4242554;0.005322991
1121977810;2021;1.537104138;30.70018567;0.185902125;1338.502337;0.559352303;19.32783862;1.724930406;335.1922913;0.433844393
1121975100;2021;1.414511549;32.0422771;0.145964024;1256.144874;0.506228498;27.95712002;1.4008255;322.9745483;0
1120856310;2021;1.281557873;33.68342175;0.183456542;1299.016092;0.45685292;22.71568417;1.556748629;287.6834106;0
1121974190;2021;1.52097099;31.24879356;0.171269584;1350.785515;0.517945574;20.56972777;1.513174176;294.8814697;0.156654176
1121979280;2021;1.44951822;32.48432043;0.179923329;1293.334693;0.553630228;18.48522395;1.646202326;350.9183655;0.027503223
1121974020;2021;1.417000743;32.47773731;0.164348258;1380.791658;0.488431712;21.35612413;1.552264094;301.4755859;0.014942752
1120852350;2021;1.342462068;32.86691429;0.142786152;1367.014523;0.492260926;21.00005908;1.460385919;299.6421509;0.000485824
1120879700;2021;1.535803507;30.27490965;0.230881158;1390.067823;0.575596961;18.48894734;2.060117722;249.575119;0.191841667
1120870380;2021;1.314297013;32.23609658;0.194774227;1226.272062;0.537998049;21.59405059;2.295966148;289.4528503;0.03842284
1121981670;2021;1.593992542;29.78372109;0.203210744;1389.008565;0.578771877;16.03313824;2.163295031;285.926239;0.064731413
1120878780;2021;1.618684035;29.54626851;0.205024658;1377.370919;0.603522047;15.14086098;2.358321428;281.2926941;0.056346209
1120867640;2021;1.257940352;32.5041896;0.194326288;1206.854602;0.520358314;20.46849834;2.266845226;289.3864746;0
1120877470;2021;1.582649466;29.90424174;0.225717786;1358.287696;0.606508774;17.21716219;2.019060612;277.0557556;0
1121981440;2021;1.63722811;29.66660451;0.19020815;1331.934356;0.595829223;15.13253521;2.146601915;312.8416443;0.326130712
1120864520;2021;1.562378704;30.41530631;0.173982688;1314.669174;0.578861319;19.17260753;1.630057693;297.0316467;0.181850238
1120874440;2021;1.643276104;29.71368161;0.198080352;1277.313718;0.626107558;15.36376845;1.966478229;318.4694519;0.028170065
1121976480;2021;1.508184763;31.60407083;0.182712238;1310.481505;0.547097103;23.44859072;1.462740421;329.0720825;0.030307294
1120881500;2022;1.108660238;31.90429137;0.42298275;1414.659412;0.522844274;30.48301412;1.930765152;198.9049988;0
1120879710;2022;1.257560329;30.10330297;0.416631466;1426.716634;0.544668804;22.95102248;1.886775017;231.4894562;0.029873389
1121982320;2022;1.175278569;30.71591237;0.409650939;1415.597768;0.521772198;23.32984656;1.823858738;234.569519;0.059853975
1121981520;2022;1.197374831;30.67427087;0.375224231;1360.586175;0.52907065;21.32810544;2.17188549;263.4290771;0.073781452
1121979460;2022;1.249845947;29.65279762;0.347073771;1384.860422;0.524527116;17.76820131;2.095099211;274.5751038;0.104902926
1120866340;2022;1.200066741;30.04550124;0.318122562;1318.0811;0.537111743;20.82444656;2.171040535;279.1000671;0.034580173
1120862240;2022;1.244904013;30.10600537;0.311900118;1382.988642;0.50674193;20.75846037;1.975246787;272.8048706;0.285688759
1120857660;2022;1.213407582;30.57496939;0.315884483;1376.45165;0.493880621;23.51922953;1.417933583;263.6818542;0
1120856300;2022;1.175420283;31.85408389;0.33518889;1403.968883;0.456911425;24.91769264;1.368101239;286.1997681;0.002259219
1120852360;2022;1.041041639;32.93615126;0.346622286;1413.396136;0.403607139;22.38429115;1.491633534;277.245636;0
1120880130;2022;1.248487555;30.65988587;0.446635783;1426.908156;0.583720261;24.88569429;1.7777704;223.0477142;0.004400321
1120879890;2022;1.291936087;30.23288605;0.423715259;1482.415882;0.559672162;21.60639677;2.084671021;247.3384399;0.045197016
1120878770;2022;1.317611486;30.06554654;0.40929636;1468.903448;0.56140414;19.29673806;2.012220144;248.4634705;0
1120877670;2022;1.313945842;30.59473362;0.407026185;1458.27455;0.554361204;19.99267861;2.022885561;271.3052063;0
1120866330;2022;1.214127934;29.87959619;0.326523005;1389.991032;0.511132678;18.35243131;1.965905786;264.0189209;0.243900378
1121982380;2022;1.207256212;30.67649365;0.397080064;1454.897173;0.508786541;16.2833779;2.14945817;290.7945251;0.001554501
1121978110;2022;1.319699484;29.10925252;0.317446878;1416.354278;0.534399442;17.59832668;1.884655237;289.5663147;0.008478427
1120862250;2022;1.230525615;30.06585715;0.32059157;1315.089955;0.541128369;21.80946046;1.608072877;281.1547546;0
1120864690;2022;1.350049784;28.79595189;0.325274018;1449.737431;0.525894578;16.30976618;2.039928198;296.1510315;0.007622852
1120874610;2022;1.204292911;31.24103965;0.385662847;1454.890556;0.527799346;18.96877647;1.780265689;305.5918274;0.155641847
1121977820;2022;1.314344966;29.15687397;0.343472613;1440.752754;0.520240442;21.54474419;1.500119925;309.8302917;0.045327153
1120857450;2022;1.297154679;30.62249543;0.316758328;1407.452299;0.493238193;22.3254376;1.591332793;285.4307861;0.302736592
1121981400;2022;1.160317625;32.58568005;0.373344421;1415.455012;0.532673669;18.80837014;1.755437016;332.4242554;0.031577505
1121977810;2022;1.249515467;30.34791452;0.38451335;1397.59192;0.550613918;19.32783862;1.724930406;335.1922913;0.161999585
1121975100;2022;1.289903435;31.09636178;0.300187073;1330.810256;0.526523866;27.95712002;1.4008255;322.9745483;0
1120856310;2022;1.157931604;32.37502715;0.348235132;1387.501544;0.462428026;22.71568417;1.556748629;287.6834106;0
1121974190;2022;1.267522613;30.19830761;0.321556161;1403.851388;0.510262947;20.56972777;1.513174176;294.8814697;0.218752248
1121979280;2022;1.16575629;32.67722308;0.383331593;1349.606243;0.568066851;18.48522395;1.646202326;350.9183655;0
1121974020;2022;1.176810697;31.53655822;0.31992356;1407.213701;0.477950273;21.35612413;1.552264094;301.4755859;0
1120852350;2022;1.148133272;31.79110537;0.301800416;1396.434812;0.469397169;21.00005908;1.460385919;299.6421509;0.011103384
1120879700;2022;1.299917065;29.2601641;0.405994892;1436.360349;0.561238037;18.48894734;2.060117722;249.575119;0.141716017
1120870380;2022;1.173462631;31.14647514;0.357273166;1300.675069;0.537060499;21.59405059;2.295966148;289.4528503;0
1121981670;2022;1.339293767;28.72298043;0.370339857;1431.264937;0.545814461;16.03313824;2.163295031;285.926239;0.001516739
1120878780;2022;1.396040059;28.52978531;0.370285703;1441.908667;0.580836329;15.14086098;2.358321428;281.2926941;0.005463218
1120867640;2022;1.109334212;31.67244649;0.371530724;1290.152672;0.535405474;20.46849834;2.266845226;289.3864746;0
1120877470;2022;1.382994237;28.83289246;0.362510626;1445.326567;0.567222715;17.21716219;2.019060612;277.0557556;0
1121981440;2022;1.349250946;28.69815197;0.355026576;1452.174368;0.538194381;15.13253521;2.146601915;312.8416443;0.010422539
1120864520;2022;1.270989004;29.61711512;0.324846315;1389.248135;0.536840827;19.17260753;1.630057693;297.0316467;0.01279362
1120874440;2022;1.293677592;29.40329669;0.370526792;1440.199852;0.529305961;15.36376845;1.966478229;318.4694519;0.063241092
1121976480;2022;1.170856475;31.20567525;0.344404174;1363.02354;0.54292952;23.44859072;1.462740421;329.0720825;0.023733061
1120881500;2023;1.188908487;31.81828333;0.440972522;1267.940138;0.597658442;30.48301412;1.930765152;198.9049988;0.01097688
1120879710;2023;1.361492212;30.04293968;0.439956777;1293.256504;0.642363758;22.95102248;1.886775017;231.4894562;0.16052622
1121982320;2023;1.304715105;30.24131023;0.440951572;1288.26961;0.65735427;23.32984656;1.823858738;234.569519;0.200015728
1121981520;2023;1.302982258;30.72007813;0.435151209;1314.123852;0.630440006;21.32810544;2.17188549;263.4290771;0.054517653
1121979460;2023;1.391865944;29.75285255;0.404244228;1441.659115;0.588294562;17.76820131;2.095099211;274.5751038;0.224549878
1120866340;2023;1.248604773;29.89168466;0.34313335;1350.636049;0.558572881;20.82444656;2.171040535;279.1000671;0.00881002
1120862240;2023;1.261769496;30.09170397;0.345833156;1410.946829;0.552564156;20.75846037;1.975246787;272.8048706;0.156003955
1120857660;2023;1.182859574;30.76341883;0.330104789;1380.630356;0.529036352;23.51922953;1.417933583;263.6818542;0
1120856300;2023;1.15322535;31.69810892;0.307198073;1413.9942;0.48288814;24.91769264;1.368101239;286.1997681;0
1120852360;2023;1.041102596;32.8023555;0.287853595;1394.12771;0.409036369;22.38429115;1.491633534;277.245636;0
1120880130;2023;1.34555354;30.2977874;0.435301378;1278.700866;0.644283568;24.88569429;1.7777704;223.0477142;0.171312959
1120879890;2023;1.525156219;30.30620236;0.432608265;1363.487095;0.641595557;21.60639677;2.084671021;247.3384399;0.35295704
1120878770;2023;1.478092637;30.64602133;0.441988048;1449.16345;0.579846988;19.29673806;2.012220144;248.4634705;0.420289821
1120877670;2023;1.524063653;30.89574435;0.423161994;1477.248486;0.565033237;19.99267861;2.022885561;271.3052063;0.234345588
1120866330;2023;1.360145012;29.82431678;0.370560461;1455.689845;0.573118335;18.35243131;1.965905786;264.0189209;0.275439407
1121982380;2023;1.412791932;30.63014022;0.43449555;1507.453825;0.540349867;16.2833779;2.14945817;290.7945251;0.235588371
1121978110;2023;1.422287091;29.46385031;0.339095765;1481.197412;0.553153796;17.59832668;1.884655237;289.5663147;0.492132145
1120862250;2023;1.285717514;30.06399179;0.319332133;1352.527547;0.554482017;21.80946046;1.608072877;281.1547546;0.013312166
1120864690;2023;1.479304196;29.2116334;0.340301092;1546.082896;0.537734946;16.30976618;2.039928198;296.1510315;0.687834557
1120874610;2023;1.463955134;30.73837562;0.371364577;1478.176706;0.562554038;18.96877647;1.780265689;305.5918274;0.167761193
1121977820;2023;1.462268066;29.68697882;0.368087801;1515.614235;0.542087111;21.54474419;1.500119925;309.8302917;0.410795766
1120857450;2023;1.266955506;30.56552129;0.3440037;1426.442746;0.55844543;22.3254376;1.591332793;285.4307861;0.000585047
1121981400;2023;1.393972244;31.63230717;0.347124068;1469.244097;0.530763671;18.80837014;1.755437016;332.4242554;0.096334497
1121977810;2023;1.426185329;30.37712998;0.337609747;1496.708096;0.509866461;19.32783862;1.724930406;335.1922913;0.147019933
1121975100;2023;1.297618755;31.08155247;0.329453218;1362.588468;0.573223957;27.95712002;1.4008255;322.9745483;0
1120856310;2023;1.177404807;32.15436654;0.343611653;1400.846739;0.508154735;22.71568417;1.556748629;287.6834106;0
1121974190;2023;1.303119508;30.41568767;0.314234274;1423.212577;0.532323825;20.56972777;1.513174176;294.8814697;0.197796377
1121979280;2023;1.321787149;31.71609688;0.322899901;1456.374432;0.500233828;18.48522395;1.646202326;350.9183655;0.053520678
1121974020;2023;1.222182889;31.85237979;0.304207794;1435.252785;0.483932742;21.35612413;1.552264094;301.4755859;0.017785616
1120852350;2023;1.167433661;32.1299436;0.286292983;1436.641793;0.479953576;21.00005908;1.460385919;299.6421509;0
1120879700;2023;1.473828492;29.0644086;0.445700815;1362.907841;0.66643017;18.48894734;2.060117722;249.575119;0.594707831
1120870380;2023;1.230568076;31.31755181;0.380891879;1295.664729;0.596006718;21.59405059;2.295966148;289.4528503;0
1121981670;2023;1.453079057;29.22129652;0.418864414;1491.487317;0.589396067;16.03313824;2.163295031;285.926239;0.648844775
1120878780;2023;1.492709883;29.16933045;0.438790272;1485.022713;0.600049812;15.14086098;2.358321428;281.2926941;0.751458431
1120867640;2023;1.149680824;31.91346139;0.367994651;1303.274304;0.542159908;20.46849834;2.266845226;289.3864746;0.0000144611
1120877470;2023;1.492436844;29.22063267;0.421671703;1497.549315;0.584203595;17.21716219;2.019060612;277.0557556;0.680416077
1121981440;2023;1.494782821;29.17861187;0.378296357;1547.269207;0.527383535;15.13253521;2.146601915;312.8416443;0.583443798
1120864520;2023;1.415601193;29.92358347;0.30435536;1450.791724;0.530898796;19.17260753;1.630057693;297.0316467;0.157691272
1120874440;2023;1.424950561;29.30656111;0.360689672;1514.004328;0.529129487;15.36376845;1.966478229;318.4694519;0.388519023
1121976480;2023;1.399886857;30.93333458;0.312496419;1425.754554;0.514880049;23.44859072;1.462740421;329.0720825;0.026319125
1120881500;2024;1.11091513;30.64955188;0.352332442;1187.072485;0.612014833;30.48301412;1.930765152;198.9049988;0
1120879710;2024;1.248497086;28.93436838;0.329887737;1187.470798;0.666929375;22.95102248;1.886775017;231.4894562;0.0381005
1121982320;2024;1.132189881;29.32899005;0.346400076;1188.436099;0.638992352;23.32984656;1.823858738;234.569519;0.169922849
1121981520;2024;1.128061568;30.0125744;0.331316714;1230.402912;0.600780042;21.32810544;2.17188549;263.4290771;0.077359419
1121979460;2024;1.285311619;28.53154739;0.241359188;1274.370972;0.55090626;17.76820131;2.095099211;274.5751038;0.042557876
1120866340;2024;1.295956868;28.59017035;0.259599836;1275.593881;0.541082761;20.82444656;2.171040535;279.1000671;0.015200825
1120862240;2024;1.260540287;29.03047416;0.265717391;1306.966468;0.548172925;20.75846037;1.975246787;272.8048706;0.216954971
1120857660;2024;1.083498654;30.03586284;0.29402992;1284.620679;0.522719526;23.51922953;1.417933583;263.6818542;0
1120856300;2024;1.071389786;30.73350687;0.265904767;1337.123157;0.475921589;24.91769264;1.368101239;286.1997681;0
1120852360;2024;0.956488981;31.60914892;0.257784734;1329.620612;0.414096579;22.38429115;1.491633534;277.245636;0
1120880130;2024;1.266998506;29.5777602;0.317633927;1204.415517;0.651900808;24.88569429;1.7777704;223.0477142;0.080853168
1120879890;2024;1.32104458;29.5184065;0.280362701;1241.972281;0.629486618;21.60639677;2.084671021;247.3384399;0.109131578
1120878770;2024;1.350269585;29.4153818;0.274565202;1233.578854;0.61203734;19.29673806;2.012220144;248.4634705;0.017728874
1120877670;2024;1.312449879;30.3657128;0.277871502;1213.215703;0.603928458;19.99267861;2.022885561;271.3052063;0.002448625
1120866330;2024;1.321415532;28.47457448;0.233136498;1301.893711;0.523996322;18.35243131;1.965905786;264.0189209;0.009701359
1121982380;2024;1.178633643;30.63491045;0.280202509;1221.071382;0.549721665;16.2833779;2.14945817;290.7945251;0.008970826
1121978110;2024;1.340421996;28.39389278;0.204183859;1323.556528;0.526511761;17.59832668;1.884655237;289.5663147;0.131475648
1120862250;2024;1.17603;29.67239761;0.28551073;1281.494371;0.528147659;21.80946046;1.608072877;281.1547546;0
1120864690;2024;1.289165384;28.25586819;0.224944393;1319.897656;0.489548939;16.30976618;2.039928198;296.1510315;0.219755491
1120874610;2024;1.172097935;30.99287611;0.269137156;1221.76117;0.560793379;18.96877647;1.780265689;305.5918274;0.003769126
1121977820;2024;1.252279238;28.95152234;0.228584439;1308.371933;0.495237771;21.54474419;1.500119925;309.8302917;0.028139143
1120857450;2024;1.178051509;29.82017148;0.264253385;1365.912476;0.486711377;22.3254376;1.591332793;285.4307861;0.073841542
1121981400;2024;1.172996685;31.64720447;0.247140992;1276.604203;0.486112176;18.80837014;1.755437016;332.4242554;0.025360964
1121977810;2024;1.256627184;29.94957674;0.240817895;1348.150863;0.496681534;19.32783862;1.724930406;335.1922913;0.028883872
1121975100;2024;1.249153983;30.60503245;0.280715655;1212.261938;0.55265472;27.95712002;1.4008255;322.9745483;0
1120856310;2024;1.067690514;31.56709436;0.289077637;1288.577714;0.482037552;22.71568417;1.556748629;287.6834106;0
1121974190;2024;1.238631441;29.58497964;0.231527071;1359.672104;0.482624223;20.56972777;1.513174176;294.8814697;0.006561656
1121979280;2024;1.175984329;31.90409313;0.241747872;1337.109165;0.452718339;18.48522395;1.646202326;350.9183655;0.009300931
1121974020;2024;1.090628665;31.26876259;0.228265668;1377.047079;0.443994821;21.35612413;1.552264094;301.4755859;0
1120852350;2024;1.04082353;31.36077949;0.230296659;1372.948706;0.452814865;21.00005908;1.460385919;299.6421509;0
1120879700;2024;1.288887609;28.441113;0.291076421;1246.619754;0.637875076;18.48894734;2.060117722;249.575119;0.313816512
1120870380;2024;1.16511507;30.3966009;0.31352828;1218.696668;0.57060528;21.59405059;2.295966148;289.4528503;0.001802203
1121981670;2024;1.275657489;28.11188363;0.211866753;1282.040312;0.537215627;16.03313824;2.163295031;285.926239;0.173541169
1120878780;2024;1.372844184;27.9635249;0.227639565;1260.678155;0.579134659;15.14086098;2.358321428;281.2926941;0.060082942
1120867640;2024;1.072211127;31.30891601;0.308233059;1246.918613;0.50496031;20.46849834;2.266845226;289.3864746;0.00184417
1120877470;2024;1.368603069;28.19995249;0.229231885;1247.648344;0.559372955;17.21716219;2.019060612;277.0557556;0.023654586
1121981440;2024;1.308826118;28.28692296;0.221149198;1283.988863;0.524402363;15.13253521;2.146601915;312.8416443;0.059925398
1120864520;2024;1.221599985;29.13677795;0.226055322;1311.163716;0.484983797;19.17260753;1.630057693;297.0316467;0.016883211
1120874440;2024;1.289416655;29.34334043;0.250218641;1267.305725;0.527773475;15.36376845;1.966478229;318.4694519;0.056851149
1121976480;2024;1.129077344;30.41971798;0.20998148;1333.437536;0.455768771;23.44859072;1.462740421;329.0720825;0
1120881500;2025;0.94220193;30.05320571;0.290311139;1092.195906;0.489911049;30.48301412;1.930765152;198.9049988;0
1120879710;2025;1.163727635;28.33603972;0.277469159;1081.971044;0.598034626;22.95102248;1.886775017;231.4894562;0.430656954
1121982320;2025;1.111388355;28.39511054;0.287499812;1056.912512;0.593648631;23.32984656;1.823858738;234.569519;0.45358484
1121981520;2025;1.123704853;28.60970754;0.255978864;998.8037031;0.613543562;21.32810544;2.17188549;263.4290771;0.136217399
1121979460;2025;1.238019762;27.73324209;0.210071791;1061.676279;0.621150009;17.76820131;2.095099211;274.5751038;0.214725746
1120866340;2025;1.223600085;27.94226142;0.185751204;1014.89366;0.582136588;20.82444656;2.171040535;279.1000671;0.162544493
1120862240;2025;1.282836215;28.13931702;0.178057152;1089.400989;0.562269152;20.75846037;1.975246787;272.8048706;0.186682732
1120857660;2025;1.051058237;29.68667823;0.184754999;1093.969578;0.455687676;23.51922953;1.417933583;263.6818542;0.020520306
1120856300;2025;1.060154935;30.03730587;0.135989062;1164.918606;0.381404763;24.91769264;1.368101239;286.1997681;0.003924362
1120852360;2025;0.96562206;30.74446519;0.130421005;1202.558178;0.310462914;22.38429115;1.491633534;277.245636;0
1120880130;2025;1.084740261;28.8376482;0.275942934;1100.620035;0.548864665;24.88569429;1.7777704;223.0477142;0.271600329
1120879890;2025;1.234528998;28.50391852;0.265006287;1145.847275;0.632720674;21.60639677;2.084671021;247.3384399;0.136766789
1120878770;2025;1.150175283;29.08333522;0.277711382;1137.995196;0.622463752;19.29673806;2.012220144;248.4634705;0.129770341
1120877670;2025;1.1861764;29.63258582;0.267925264;1128.821879;0.604250645;19.99267861;2.022885561;271.3052063;0.166130136
1120866330;2025;1.285845659;27.59830059;0.186313198;1064.26042;0.598444021;18.35243131;1.965905786;264.0189209;0.016398092
1121982380;2025;1.153934969;29.77314406;0.282327436;1103.057341;0.582666961;16.2833779;2.14945817;290.7945251;0.224632357
1121978110;2025;1.294672526;27.41241698;0.150143929;1094.804519;0.560071696;17.59832668;1.884655237;289.5663147;0.068370791
1120862250;2025;1.160131704;28.79656265;0.163421246;1034.743465;0.516472727;21.80946046;1.608072877;281.1547546;0.033007738
1120864690;2025;1.230071089;27.92013655;0.1894284;1075.274805;0.561633978;16.30976618;2.039928198;296.1510315;0.512209411
1120874610;2025;1.321248754;29.31502637;0.231477784;1090.193401;0.648409561;18.96877647;1.780265689;305.5918274;0.135866169
1121977820;2025;1.135792791;28.61267662;0.186346257;1086.2061;0.504877737;21.54474419;1.500119925;309.8302917;0.297845897
1120857450;2025;1.196863632;28.57813087;0.151002778;1174.787037;0.474072505;22.3254376;1.591332793;285.4307861;0.123862383
1121981400;2025;1.236241331;29.77518007;0.213545151;1074.550083;0.598863108;18.80837014;1.755437016;332.4242554;0.109526888
1121977810;2025;1.213354344;28.92364232;0.182396572;1103.122503;0.512811478;19.32783862;1.724930406;335.1922913;0.268133832
1121975100;2025;1.107298312;29.18879494;0.140949202;1052.619335;0.486521859;27.95712002;1.4008255;322.9745483;0
1120856310;2025;1.005575018;30.7600946;0.172934433;1107.664398;0.39545944;22.71568417;1.556748629;287.6834106;0
1121974190;2025;1.2722872;28.54154814;0.14095007;1150.691902;0.493509257;20.56972777;1.513174176;294.8814697;0.027992838
1121979280;2025;1.176394191;30.51831707;0.205505781;1081.886011;0.553229365;18.48522395;1.646202326;350.9183655;0.012505112
1121974020;2025;1.049643489;30.27340544;0.169693457;1220.189566;0.408685483;21.35612413;1.552264094;301.4755859;0
1120852350;2025;1.084190686;30.36604344;0.153842615;1231.694394;0.402084552;21.00005908;1.460385919;299.6421509;0.006308585
1120879700;2025;1.261794974;27.5115265;0.258927399;1123.01706;0.630463622;18.48894734;2.060117722;249.575119;0.664574202
1120870380;2025;1.06156762;29.64076933;0.226124968;969.8966206;0.566921203;21.59405059;2.295966148;289.4528503;0.009260382
1121981670;2025;1.295481263;27.38763172;0.219315807;1125.270075;0.603807513;16.03313824;2.163295031;285.926239;0.214684094
1120878780;2025;1.255740556;27.62448352;0.238194099;1125.890717;0.605199975;15.14086098;2.358321428;281.2926941;0.354147003
1120867640;2025;0.998261665;30.40512429;0.227467762;1003.956585;0.499731054;20.46849834;2.266845226;289.3864746;0.020555744
1120877470;2025;1.180313154;28.02571088;0.257861431;1116.309263;0.583053418;17.21716219;2.019060612;277.0557556;0.529078749
1121981440;2025;1.264515515;27.72992269;0.21931583;1069.094096;0.59298017;15.13253521;2.146601915;312.8416443;0.661266709
1120864520;2025;1.201958484;28.63520883;0.164658169;1095.624881;0.508105851;19.17260753;1.630057693;297.0316467;0.015479403
1120874440;2025;1.295993903;27.76268448;0.211400882;1078.102075;0.57863208;15.36376845;1.966478229;318.4694519;0.474052159
1121976480;2025;1.170959061;29.80193774;0.173860221;1083.113949;0.512457162;23.44859072;1.462740421;329.0720825;0.017067722
